--BEGIN TRANSACTION T1

SET IDENTITY_INSERT [dbo].[BB_PERSON_CLASSIFICATION] ON 


INSERT [dbo].[BB_PERSON_CLASSIFICATION] ([BB_PERSON_CLASSIFICATION_ID], [CLASSIFICATION_DETAIL], [CLASSIFICATION_VALUE]) VALUES (1, N'FULL_TIME', N'FULL_TIME')

INSERT [dbo].[BB_PERSON_CLASSIFICATION] ([BB_PERSON_CLASSIFICATION_ID], [CLASSIFICATION_DETAIL], [CLASSIFICATION_VALUE]) VALUES (2, N'TEMP', N'TEMP')

INSERT [dbo].[BB_PERSON_CLASSIFICATION] ([BB_PERSON_CLASSIFICATION_ID], [CLASSIFICATION_DETAIL], [CLASSIFICATION_VALUE]) VALUES (3, N'EXTERNAL_ASSOCIATED_AGENT', N'EXTERNAL_ASSOCIATED_AGENT')

INSERT [dbo].[BB_PERSON_CLASSIFICATION] ([BB_PERSON_CLASSIFICATION_ID], [CLASSIFICATION_DETAIL], [CLASSIFICATION_VALUE]) VALUES (4, N'EXTERNAL_CLIENT', N'EXTERNAL_CLIENT')

SET IDENTITY_INSERT [dbo].[BB_PERSON_CLASSIFICATION] OFF

SET IDENTITY_INSERT [dbo].[BB_CLIENT] ON 


INSERT [dbo].[BB_CLIENT] ([BB_CLIENT_ID], [CREATED_BY], [CREATED_ON], [MODIFIED_BY], [MODIFIED_ON], [VERSION], [CLIENT_TYPE], [EXPORT_FLAG], [NAME], [ORGANIZATION_TYPE], [VALIDATION_TYPE]) VALUES (-1, 1, CAST(N'2015-01-01 00:00:00.0000000' AS DateTime2), 1, CAST(N'2015-01-01 00:00:00.0000000' AS DateTime2), 1, N'LAW_FIRM', 1, N'CLIENT_1', N'Law Firm', N'OCR_VALIDATION')

SET IDENTITY_INSERT [dbo].[BB_CLIENT] OFF

SET IDENTITY_INSERT [dbo].[BB_ASSIGNEE] ON 


INSERT [dbo].[BB_ASSIGNEE] ([BB_ASSIGNEE_ID], [BB_CLIENT], [DESCRIPTION], [ENTITY], [NAME]) VALUES (-1, -1, N'Company_1', N'MICRO', N'DEFAULT')

INSERT [dbo].[BB_ASSIGNEE] ([BB_ASSIGNEE_ID], [BB_CLIENT], [DESCRIPTION], [ENTITY], [NAME]) VALUES (1, -1, N'Apple Inc.', N'UNDISCOUNTED', N'Apple')

INSERT [dbo].[BB_ASSIGNEE] ([BB_ASSIGNEE_ID], [BB_CLIENT], [DESCRIPTION], [ENTITY], [NAME]) VALUES (2, -1, N'Samsung Inc.', N'UNDISCOUNTED', N'Samsung')

SET IDENTITY_INSERT [dbo].[BB_ASSIGNEE] OFF

SET IDENTITY_INSERT [dbo].[BB_USER] ON 


INSERT [dbo].[BB_USER] ([BB_USER_ID], [CREATED_BY], [CREATED_ON], [MODIFIED_BY], [MODIFIED_ON], [VERSION], [END_DATE], [IS_ACTIVE], [IS_ENABLED], [IS_FIRST_LOGIN], [IS_LOCKED], [LOGIN_ATTEMPTS], [LOGIN_ID], [PASSWORD], [PASSWORD_CREATED_ON], [PASSWORD_MODIFIED_ON], [BB_ASSIGNEE_ID], [BB_PERSON_CLASSIFICATION_ID]) VALUES (-1, 1, CAST(N'2015-01-01 00:00:00.0000000' AS DateTime2), 1, CAST(N'2015-01-01 00:00:00.0000000' AS DateTime2), 1, NULL, 1, 1, 1, 0, 0, N'system', N'system', NULL, NULL, -1, 1)

INSERT [dbo].[BB_USER] ([BB_USER_ID], [CREATED_BY], [CREATED_ON], [MODIFIED_BY], [MODIFIED_ON], [VERSION], [END_DATE], [IS_ACTIVE], [IS_ENABLED], [IS_FIRST_LOGIN], [IS_LOCKED], [LOGIN_ATTEMPTS], [LOGIN_ID], [PASSWORD], [PASSWORD_CREATED_ON], [PASSWORD_MODIFIED_ON], [BB_ASSIGNEE_ID], [BB_PERSON_CLASSIFICATION_ID]) VALUES (1, 1, CAST(N'2015-01-01 00:00:00.0000000' AS DateTime2), 1, CAST(N'2016-01-07 12:45:43.3430000' AS DateTime2), 2, NULL, 1, 1, 0, 0, 0, N'User_1', N'123', NULL, NULL, -1, 1)

INSERT [dbo].[BB_USER] ([BB_USER_ID], [CREATED_BY], [CREATED_ON], [MODIFIED_BY], [MODIFIED_ON], [VERSION], [END_DATE], [IS_ACTIVE], [IS_ENABLED], [IS_FIRST_LOGIN], [IS_LOCKED], [LOGIN_ATTEMPTS], [LOGIN_ID], [PASSWORD], [PASSWORD_CREATED_ON], [PASSWORD_MODIFIED_ON], [BB_ASSIGNEE_ID], [BB_PERSON_CLASSIFICATION_ID]) VALUES (2, 1, CAST(N'2016-01-07 12:58:05.0600000' AS DateTime2), NULL, CAST(N'2016-01-07 12:58:05.0600000' AS DateTime2), 0, NULL, 1, 1, 0, 0, 0, N'junit@bbx.com', N'123', CAST(N'2016-01-07 12:58:05.0470000' AS DateTime2), NULL, NULL, 1)

SET IDENTITY_INSERT [dbo].[BB_USER] OFF

SET IDENTITY_INSERT [dbo].[BB_NOTIFICATION] ON 


INSERT [dbo].[BB_NOTIFICATION] ([BB_NOTIFICATION_ID], [CREATED_BY], [CREATED_ON], [MODIFIED_BY], [MODIFIED_ON], [VERSION], [SUBJECT], [IS_ACTIVE], [CODE], [EMAIL_NOTIFICATION], [ESCALATION], [FREQUENCY_OF_SENDING_REMINDERS], [IDS_REVIEW_DISPLAY], [MESSAGE], [NAME], [NO_OF_PAST_DUE_DAYS], [NO_OF_REMINDERS], [NOTIFICATION_LEVEL], [NOTIFICATION_PROCESS_TYPE], [PARENT], [PROCESS_NAME], [REMINDER], [TYPE], [ASSIGNED_TO_ROLE]) VALUES (1, 1, CAST(N'2015-12-09 16:50:45.5030000' AS DateTime2), 2, CAST(N'2016-01-13 00:29:23.4960000' AS DateTime2), 1, N'System Subject', 0, N'ABC_NIF', 0, 0, 1, 0, N'System', N'NPL_DUPLICATE_CHECK', 0, 0, 1, N'NPL_DUPLICATE_CHECK', NULL, N'System Initiated', 1, N'Action Item - System Initiated', 1)

INSERT [dbo].[BB_NOTIFICATION] ([BB_NOTIFICATION_ID], [CREATED_BY], [CREATED_ON], [MODIFIED_BY], [MODIFIED_ON], [VERSION], [SUBJECT], [IS_ACTIVE], [CODE], [EMAIL_NOTIFICATION], [ESCALATION], [FREQUENCY_OF_SENDING_REMINDERS], [IDS_REVIEW_DISPLAY], [MESSAGE], [NAME], [NO_OF_PAST_DUE_DAYS], [NO_OF_REMINDERS], [NOTIFICATION_LEVEL], [NOTIFICATION_PROCESS_TYPE], [PARENT], [PROCESS_NAME], [REMINDER], [TYPE], [ASSIGNED_TO_ROLE]) VALUES (2, 1, CAST(N'2015-12-09 16:50:45.5030000' AS DateTime2), 2, CAST(N'2016-01-13 00:29:11.9600000' AS DateTime2), 1, N'System Subject', 0, N'ABC_NIF', 0, 0, 1, 0, N'System', N'REFERENCE_MANUAL_ENTRY', 0, 0, 1, N'REFERENCE_MANUAL_ENTRY', NULL, N'System Initiated', 1, N'Action Item - System Initiated', 1)

INSERT [dbo].[BB_NOTIFICATION] ([BB_NOTIFICATION_ID], [CREATED_BY], [CREATED_ON], [MODIFIED_BY], [MODIFIED_ON], [VERSION], [SUBJECT], [IS_ACTIVE], [CODE], [EMAIL_NOTIFICATION], [ESCALATION], [FREQUENCY_OF_SENDING_REMINDERS], [IDS_REVIEW_DISPLAY], [MESSAGE], [NAME], [NO_OF_PAST_DUE_DAYS], [NO_OF_REMINDERS], [NOTIFICATION_LEVEL], [NOTIFICATION_PROCESS_TYPE], [PARENT], [PROCESS_NAME], [REMINDER], [TYPE], [ASSIGNED_TO_ROLE]) VALUES (3, 1, CAST(N'2015-12-09 16:50:45.5030000' AS DateTime2), 2, CAST(N'2016-01-13 00:28:51.0190000' AS DateTime2), 1, N'System Subject', 0, N'ABC_NIF', 0, 0, 1, 0, N'System', N'ERROR_NOTIFICATION', 0, 0, 1, N'ERROR_NOTIFICATION', NULL, N'System Initiated', 1, N'Action Item - System Initiated', 1)

INSERT [dbo].[BB_NOTIFICATION] ([BB_NOTIFICATION_ID], [CREATED_BY], [CREATED_ON], [MODIFIED_BY], [MODIFIED_ON], [VERSION], [SUBJECT], [IS_ACTIVE], [CODE], [EMAIL_NOTIFICATION], [ESCALATION], [FREQUENCY_OF_SENDING_REMINDERS], [IDS_REVIEW_DISPLAY], [MESSAGE], [NAME], [NO_OF_PAST_DUE_DAYS], [NO_OF_REMINDERS], [NOTIFICATION_LEVEL], [NOTIFICATION_PROCESS_TYPE], [PARENT], [PROCESS_NAME], [REMINDER], [TYPE], [ASSIGNED_TO_ROLE]) VALUES (4, 1, CAST(N'2015-12-09 16:50:45.5030000' AS DateTime2), 2, CAST(N'2016-01-13 00:27:47.3090000' AS DateTime2), 1, N'System Subject', 0, N'ABC_NIF', 0, 0, 1, 0, N'System', N'INPADOC_FAILED', 0, 0, 1, N'INPADOC_FAILED', NULL, N'System Initiated', 1, N'Action Item - System Initiated', 1)

INSERT [dbo].[BB_NOTIFICATION] ([BB_NOTIFICATION_ID], [CREATED_BY], [CREATED_ON], [MODIFIED_BY], [MODIFIED_ON], [VERSION], [SUBJECT], [IS_ACTIVE], [CODE], [EMAIL_NOTIFICATION], [ESCALATION], [FREQUENCY_OF_SENDING_REMINDERS], [IDS_REVIEW_DISPLAY], [MESSAGE], [NAME], [NO_OF_PAST_DUE_DAYS], [NO_OF_REMINDERS], [NOTIFICATION_LEVEL], [NOTIFICATION_PROCESS_TYPE], [PARENT], [PROCESS_NAME], [REMINDER], [TYPE], [ASSIGNED_TO_ROLE]) VALUES (5, 1, CAST(N'2015-12-09 16:50:45.5030000' AS DateTime2), 2, CAST(N'2016-01-13 00:26:47.9250000' AS DateTime2), 1, N'System Subject', 0, N'ABC_NIF', 0, 0, 1, 0, N'System', N'CREATE_SML', 0, 0, 1, N'CREATE_SML', NULL, N'System Initiated', 1, N'Action Item - System Initiated', 1)

INSERT [dbo].[BB_NOTIFICATION] ([BB_NOTIFICATION_ID], [CREATED_BY], [CREATED_ON], [MODIFIED_BY], [MODIFIED_ON], [VERSION], [SUBJECT], [IS_ACTIVE], [CODE], [EMAIL_NOTIFICATION], [ESCALATION], [FREQUENCY_OF_SENDING_REMINDERS], [IDS_REVIEW_DISPLAY], [MESSAGE], [NAME], [NO_OF_PAST_DUE_DAYS], [NO_OF_REMINDERS], [NOTIFICATION_LEVEL], [NOTIFICATION_PROCESS_TYPE], [PARENT], [PROCESS_NAME], [REMINDER], [TYPE], [ASSIGNED_TO_ROLE]) VALUES (6, 1, CAST(N'2015-12-09 16:50:45.5030000' AS DateTime2), 2, CAST(N'2016-01-13 00:26:34.3800000' AS DateTime2), 1, N'System Subject', 0, N'ABC_NIF', 0, 0, 1, 0, N'System', N'CORRESPONDENCE_RECORD_FAILED_IN_DOWNLOAD_QUEUE', 0, 0, 1, N'CORRESPONDENCE_RECORD_FAILED_IN_DOWNLOAD_QUEUE', NULL, N'System Initiated', 1, N'Action Item - System Initiated', 1)

INSERT [dbo].[BB_NOTIFICATION] ([BB_NOTIFICATION_ID], [CREATED_BY], [CREATED_ON], [MODIFIED_BY], [MODIFIED_ON], [VERSION], [SUBJECT], [IS_ACTIVE], [CODE], [EMAIL_NOTIFICATION], [ESCALATION], [FREQUENCY_OF_SENDING_REMINDERS], [IDS_REVIEW_DISPLAY], [MESSAGE], [NAME], [NO_OF_PAST_DUE_DAYS], [NO_OF_REMINDERS], [NOTIFICATION_LEVEL], [NOTIFICATION_PROCESS_TYPE], [PARENT], [PROCESS_NAME], [REMINDER], [TYPE], [ASSIGNED_TO_ROLE]) VALUES (7, 1, CAST(N'2015-12-09 12:27:29.9870000' AS DateTime2), 2, CAST(N'2016-01-13 00:25:51.4180000' AS DateTime2), 1, N'User Subject', 0, N'ABC_NIF', 1, 0, 1, 0, N'User', N'CREATE_APPLICATION_REQUEST_USER_INITIATED', 0, 0, 1, N'CREATE_APPLICATION_REQUEST_USER_INITIATED', NULL, N'User Initiated', 0, N'Action Item - User Initiated', 1)

INSERT [dbo].[BB_NOTIFICATION] ([BB_NOTIFICATION_ID], [CREATED_BY], [CREATED_ON], [MODIFIED_BY], [MODIFIED_ON], [VERSION], [SUBJECT], [IS_ACTIVE], [CODE], [EMAIL_NOTIFICATION], [ESCALATION], [FREQUENCY_OF_SENDING_REMINDERS], [IDS_REVIEW_DISPLAY], [MESSAGE], [NAME], [NO_OF_PAST_DUE_DAYS], [NO_OF_REMINDERS], [NOTIFICATION_LEVEL], [NOTIFICATION_PROCESS_TYPE], [PARENT], [PROCESS_NAME], [REMINDER], [TYPE], [ASSIGNED_TO_ROLE]) VALUES (8, 1, CAST(N'2015-12-09 16:50:45.5030000' AS DateTime2), 2, CAST(N'2016-01-13 00:25:30.5690000' AS DateTime2), 1, N'System Subject', 0, N'ABC_NIF', 0, 0, 1, 0, N'System', N'CREATE_APPLICATION_REQUEST', 0, 0, 1, N'CREATE_APPLICATION_REQUEST', NULL, N'System Initiated', 1, N'Action Item - System Initiated', 1)

INSERT [dbo].[BB_NOTIFICATION] ([BB_NOTIFICATION_ID], [CREATED_BY], [CREATED_ON], [MODIFIED_BY], [MODIFIED_ON], [VERSION], [SUBJECT], [IS_ACTIVE], [CODE], [EMAIL_NOTIFICATION], [ESCALATION], [FREQUENCY_OF_SENDING_REMINDERS], [IDS_REVIEW_DISPLAY], [MESSAGE], [NAME], [NO_OF_PAST_DUE_DAYS], [NO_OF_REMINDERS], [NOTIFICATION_LEVEL], [NOTIFICATION_PROCESS_TYPE], [PARENT], [PROCESS_NAME], [REMINDER], [TYPE], [ASSIGNED_TO_ROLE]) VALUES (9, 1, CAST(N'2015-12-04 15:25:47.5670000' AS DateTime2), 2, CAST(N'2016-01-13 00:25:07.7200000' AS DateTime2), 1, N'Approval Subject', 0, N'ABC_NIF', 0, 0, 1, 0, N'Approval', N'DASHBOARD_ACTION_STATUS', 0, 0, 1, N'DASHBOARD_ACTION_STATUS', NULL, N'Approval', 0, N'Action Item - Approval', 1)

INSERT [dbo].[BB_NOTIFICATION] ([BB_NOTIFICATION_ID], [CREATED_BY], [CREATED_ON], [MODIFIED_BY], [MODIFIED_ON], [VERSION], [SUBJECT], [IS_ACTIVE], [CODE], [EMAIL_NOTIFICATION], [ESCALATION], [FREQUENCY_OF_SENDING_REMINDERS], [IDS_REVIEW_DISPLAY], [MESSAGE], [NAME], [NO_OF_PAST_DUE_DAYS], [NO_OF_REMINDERS], [NOTIFICATION_LEVEL], [NOTIFICATION_PROCESS_TYPE], [PARENT], [PROCESS_NAME], [REMINDER], [TYPE], [ASSIGNED_TO_ROLE]) VALUES (10, 1, CAST(N'2015-12-09 16:50:45.5030000' AS DateTime2), 2, CAST(N'2016-01-13 00:24:47.9420000' AS DateTime2), 1, N'System Subject', 0, N'ABC_NIF', 0, 0, 1, 0, N'System', N'UPDATE_FAMILY_LINKAGE', 0, 0, 1, N'UPDATE_FAMILY_LINKAGE', NULL, N'System Initiated', 1, N'Action Item - System Initiated', 1)

INSERT [dbo].[BB_NOTIFICATION] ([BB_NOTIFICATION_ID], [CREATED_BY], [CREATED_ON], [MODIFIED_BY], [MODIFIED_ON], [VERSION], [SUBJECT], [IS_ACTIVE], [CODE], [EMAIL_NOTIFICATION], [ESCALATION], [FREQUENCY_OF_SENDING_REMINDERS], [IDS_REVIEW_DISPLAY], [MESSAGE], [NAME], [NO_OF_PAST_DUE_DAYS], [NO_OF_REMINDERS], [NOTIFICATION_LEVEL], [NOTIFICATION_PROCESS_TYPE], [PARENT], [PROCESS_NAME], [REMINDER], [TYPE], [ASSIGNED_TO_ROLE]) VALUES (11, 1, CAST(N'2015-12-09 16:50:45.5030000' AS DateTime2), 2, CAST(N'2016-01-13 00:24:37.9880000' AS DateTime2), 1, N'System Subject', 0, N'ABC_NIF', 0, 0, 1, 0, N'System', N'CREATE_FAMILY_MEMBER', 0, 0, 1, N'CREATE_FAMILY_MEMBER', NULL, N'System Initiated', 1, N'Action Item - System Initiated', 1)

INSERT [dbo].[BB_NOTIFICATION] ([BB_NOTIFICATION_ID], [CREATED_BY], [CREATED_ON], [MODIFIED_BY], [MODIFIED_ON], [VERSION], [SUBJECT], [IS_ACTIVE], [CODE], [EMAIL_NOTIFICATION], [ESCALATION], [FREQUENCY_OF_SENDING_REMINDERS], [IDS_REVIEW_DISPLAY], [MESSAGE], [NAME], [NO_OF_PAST_DUE_DAYS], [NO_OF_REMINDERS], [NOTIFICATION_LEVEL], [NOTIFICATION_PROCESS_TYPE], [PARENT], [PROCESS_NAME], [REMINDER], [TYPE], [ASSIGNED_TO_ROLE]) VALUES (12, 1, CAST(N'2015-12-09 16:50:45.5030000' AS DateTime2), 2, CAST(N'2016-01-13 00:24:25.8530000' AS DateTime2), 1, N'System Subject', 0, N'ABC_NIF', 0, 0, 1, 0, N'System', N'UPDATE_IDS_STATUS', 0, 0, 1, N'UPDATE_IDS_STATUS', NULL, N'System Initiated', 1, N'Action Item - System Initiated', 1)

INSERT [dbo].[BB_NOTIFICATION] ([BB_NOTIFICATION_ID], [CREATED_BY], [CREATED_ON], [MODIFIED_BY], [MODIFIED_ON], [VERSION], [SUBJECT], [IS_ACTIVE], [CODE], [EMAIL_NOTIFICATION], [ESCALATION], [FREQUENCY_OF_SENDING_REMINDERS], [IDS_REVIEW_DISPLAY], [MESSAGE], [NAME], [NO_OF_PAST_DUE_DAYS], [NO_OF_REMINDERS], [NOTIFICATION_LEVEL], [NOTIFICATION_PROCESS_TYPE], [PARENT], [PROCESS_NAME], [REMINDER], [TYPE], [ASSIGNED_TO_ROLE]) VALUES (13, 2, CAST(N'2016-01-13 00:24:25.8930000' AS DateTime2), 2, CAST(N'2016-01-13 00:24:25.9410000' AS DateTime2), 3, N'System Subject', 1, N'ABC_NIF', 0, 0, 1, 0, N'System', N'UPDATE_IDS_STATUS', 0, 0, 1, N'UPDATE_IDS_STATUS', 12, N'System Initiated', 1, N'Action Item - System Initiated', 1)

INSERT [dbo].[BB_NOTIFICATION] ([BB_NOTIFICATION_ID], [CREATED_BY], [CREATED_ON], [MODIFIED_BY], [MODIFIED_ON], [VERSION], [SUBJECT], [IS_ACTIVE], [CODE], [EMAIL_NOTIFICATION], [ESCALATION], [FREQUENCY_OF_SENDING_REMINDERS], [IDS_REVIEW_DISPLAY], [MESSAGE], [NAME], [NO_OF_PAST_DUE_DAYS], [NO_OF_REMINDERS], [NOTIFICATION_LEVEL], [NOTIFICATION_PROCESS_TYPE], [PARENT], [PROCESS_NAME], [REMINDER], [TYPE], [ASSIGNED_TO_ROLE]) VALUES (14, 2, CAST(N'2016-01-13 00:24:38.0020000' AS DateTime2), 2, CAST(N'2016-01-13 00:24:38.0080000' AS DateTime2), 3, N'System Subject', 1, N'ABC_NIF', 0, 0, 1, 0, N'System', N'CREATE_FAMILY_MEMBER', 0, 0, 1, N'CREATE_FAMILY_MEMBER', 11, N'System Initiated', 1, N'Action Item - System Initiated', 1)

INSERT [dbo].[BB_NOTIFICATION] ([BB_NOTIFICATION_ID], [CREATED_BY], [CREATED_ON], [MODIFIED_BY], [MODIFIED_ON], [VERSION], [SUBJECT], [IS_ACTIVE], [CODE], [EMAIL_NOTIFICATION], [ESCALATION], [FREQUENCY_OF_SENDING_REMINDERS], [IDS_REVIEW_DISPLAY], [MESSAGE], [NAME], [NO_OF_PAST_DUE_DAYS], [NO_OF_REMINDERS], [NOTIFICATION_LEVEL], [NOTIFICATION_PROCESS_TYPE], [PARENT], [PROCESS_NAME], [REMINDER], [TYPE], [ASSIGNED_TO_ROLE]) VALUES (15, 2, CAST(N'2016-01-13 00:24:47.9560000' AS DateTime2), 2, CAST(N'2016-01-13 00:24:47.9610000' AS DateTime2), 3, N'System Subject', 1, N'ABC_NIF', 0, 0, 1, 1, N'System', N'UPDATE_FAMILY_LINKAGE', 0, 0, 1, N'UPDATE_FAMILY_LINKAGE', 10, N'System Initiated', 1, N'Action Item - System Initiated', 1)

INSERT [dbo].[BB_NOTIFICATION] ([BB_NOTIFICATION_ID], [CREATED_BY], [CREATED_ON], [MODIFIED_BY], [MODIFIED_ON], [VERSION], [SUBJECT], [IS_ACTIVE], [CODE], [EMAIL_NOTIFICATION], [ESCALATION], [FREQUENCY_OF_SENDING_REMINDERS], [IDS_REVIEW_DISPLAY], [MESSAGE], [NAME], [NO_OF_PAST_DUE_DAYS], [NO_OF_REMINDERS], [NOTIFICATION_LEVEL], [NOTIFICATION_PROCESS_TYPE], [PARENT], [PROCESS_NAME], [REMINDER], [TYPE], [ASSIGNED_TO_ROLE]) VALUES (16, 2, CAST(N'2016-01-13 00:25:07.7500000' AS DateTime2), 2, CAST(N'2016-01-13 00:25:07.7640000' AS DateTime2), 3, N'Approval Subject', 1, N'ABC_NIF', 0, 0, 1, 0, N'Approval', N'DASHBOARD_ACTION_STATUS', 0, 0, 1, N'DASHBOARD_ACTION_STATUS', 9, N'Approval', 0, N'Action Item - Approval', 1)

INSERT [dbo].[BB_NOTIFICATION] ([BB_NOTIFICATION_ID], [CREATED_BY], [CREATED_ON], [MODIFIED_BY], [MODIFIED_ON], [VERSION], [SUBJECT], [IS_ACTIVE], [CODE], [EMAIL_NOTIFICATION], [ESCALATION], [FREQUENCY_OF_SENDING_REMINDERS], [IDS_REVIEW_DISPLAY], [MESSAGE], [NAME], [NO_OF_PAST_DUE_DAYS], [NO_OF_REMINDERS], [NOTIFICATION_LEVEL], [NOTIFICATION_PROCESS_TYPE], [PARENT], [PROCESS_NAME], [REMINDER], [TYPE], [ASSIGNED_TO_ROLE]) VALUES (17, 2, CAST(N'2016-01-13 00:25:30.5810000' AS DateTime2), 2, CAST(N'2016-01-13 00:25:30.5850000' AS DateTime2), 3, N'System Subject', 1, N'ABC_NIF', 0, 0, 1, 0, N'System', N'CREATE_APPLICATION_REQUEST', 0, 0, 1, N'CREATE_APPLICATION_REQUEST', 8, N'System Initiated', 1, N'Action Item - System Initiated', 1)

INSERT [dbo].[BB_NOTIFICATION] ([BB_NOTIFICATION_ID], [CREATED_BY], [CREATED_ON], [MODIFIED_BY], [MODIFIED_ON], [VERSION], [SUBJECT], [IS_ACTIVE], [CODE], [EMAIL_NOTIFICATION], [ESCALATION], [FREQUENCY_OF_SENDING_REMINDERS], [IDS_REVIEW_DISPLAY], [MESSAGE], [NAME], [NO_OF_PAST_DUE_DAYS], [NO_OF_REMINDERS], [NOTIFICATION_LEVEL], [NOTIFICATION_PROCESS_TYPE], [PARENT], [PROCESS_NAME], [REMINDER], [TYPE], [ASSIGNED_TO_ROLE]) VALUES (18, 2, CAST(N'2016-01-13 00:25:51.4420000' AS DateTime2), 2, CAST(N'2016-01-13 00:25:51.4550000' AS DateTime2), 3, N'User Subject', 1, N'ABC_NIF', 1, 0, 1, 0, N'User', N'CREATE_APPLICATION_REQUEST_USER_INITIATED', 0, 0, 1, N'CREATE_APPLICATION_REQUEST_USER_INITIATED', 7, N'User Initiated', 0, N'Action Item - User Initiated', 1)

INSERT [dbo].[BB_NOTIFICATION] ([BB_NOTIFICATION_ID], [CREATED_BY], [CREATED_ON], [MODIFIED_BY], [MODIFIED_ON], [VERSION], [SUBJECT], [IS_ACTIVE], [CODE], [EMAIL_NOTIFICATION], [ESCALATION], [FREQUENCY_OF_SENDING_REMINDERS], [IDS_REVIEW_DISPLAY], [MESSAGE], [NAME], [NO_OF_PAST_DUE_DAYS], [NO_OF_REMINDERS], [NOTIFICATION_LEVEL], [NOTIFICATION_PROCESS_TYPE], [PARENT], [PROCESS_NAME], [REMINDER], [TYPE], [ASSIGNED_TO_ROLE]) VALUES (19, 2, CAST(N'2016-01-13 00:26:34.3980000' AS DateTime2), 2, CAST(N'2016-01-13 00:26:34.4050000' AS DateTime2), 3, N'System Subject', 1, N'ABC_NIF', 0, 0, 1, 0, N'System', N'CORRESPONDENCE_RECORD_FAILED_IN_DOWNLOAD_QUEUE', 0, 0, 1, N'CORRESPONDENCE_RECORD_FAILED_IN_DOWNLOAD_QUEUE', 6, N'System Initiated', 1, N'Action Item - System Initiated', 1)

INSERT [dbo].[BB_NOTIFICATION] ([BB_NOTIFICATION_ID], [CREATED_BY], [CREATED_ON], [MODIFIED_BY], [MODIFIED_ON], [VERSION], [SUBJECT], [IS_ACTIVE], [CODE], [EMAIL_NOTIFICATION], [ESCALATION], [FREQUENCY_OF_SENDING_REMINDERS], [IDS_REVIEW_DISPLAY], [MESSAGE], [NAME], [NO_OF_PAST_DUE_DAYS], [NO_OF_REMINDERS], [NOTIFICATION_LEVEL], [NOTIFICATION_PROCESS_TYPE], [PARENT], [PROCESS_NAME], [REMINDER], [TYPE], [ASSIGNED_TO_ROLE]) VALUES (20, 2, CAST(N'2016-01-13 00:26:47.9380000' AS DateTime2), 2, CAST(N'2016-01-13 00:26:47.9430000' AS DateTime2), 3, N'System Subject', 1, N'ABC_NIF', 0, 0, 1, 0, N'System', N'CREATE_SML', 0, 0, 1, N'CREATE_SML', 5, N'System Initiated', 1, N'Action Item - System Initiated', 1)

INSERT [dbo].[BB_NOTIFICATION] ([BB_NOTIFICATION_ID], [CREATED_BY], [CREATED_ON], [MODIFIED_BY], [MODIFIED_ON], [VERSION], [SUBJECT], [IS_ACTIVE], [CODE], [EMAIL_NOTIFICATION], [ESCALATION], [FREQUENCY_OF_SENDING_REMINDERS], [IDS_REVIEW_DISPLAY], [MESSAGE], [NAME], [NO_OF_PAST_DUE_DAYS], [NO_OF_REMINDERS], [NOTIFICATION_LEVEL], [NOTIFICATION_PROCESS_TYPE], [PARENT], [PROCESS_NAME], [REMINDER], [TYPE], [ASSIGNED_TO_ROLE]) VALUES (21, 2, CAST(N'2016-01-13 00:27:47.3220000' AS DateTime2), 2, CAST(N'2016-01-13 00:28:27.5360000' AS DateTime2), 3, N'System Subject', 0, N'ABC_NIF', 0, 0, 1, 0, N'System', N'INPADOC_FAILED', 0, 0, 1, N'INPADOC_FAILED', 4, N'System Initiated', 1, N'Action Item - System Initiated', 1)

INSERT [dbo].[BB_NOTIFICATION] ([BB_NOTIFICATION_ID], [CREATED_BY], [CREATED_ON], [MODIFIED_BY], [MODIFIED_ON], [VERSION], [SUBJECT], [IS_ACTIVE], [CODE], [EMAIL_NOTIFICATION], [ESCALATION], [FREQUENCY_OF_SENDING_REMINDERS], [IDS_REVIEW_DISPLAY], [MESSAGE], [NAME], [NO_OF_PAST_DUE_DAYS], [NO_OF_REMINDERS], [NOTIFICATION_LEVEL], [NOTIFICATION_PROCESS_TYPE], [PARENT], [PROCESS_NAME], [REMINDER], [TYPE], [ASSIGNED_TO_ROLE]) VALUES (22, 2, CAST(N'2016-01-13 00:28:27.6070000' AS DateTime2), 2, CAST(N'2016-01-13 00:28:27.6260000' AS DateTime2), 5, N'System Subject', 1, N'ABC_NIF', 0, 0, 1, 0, N'System', N'INPADOC_FAILED', 0, 0, 1, N'INPADOC_FAILED', 21, N'System Initiated', 1, N'Action Item - System Initiated', 1)

INSERT [dbo].[BB_NOTIFICATION] ([BB_NOTIFICATION_ID], [CREATED_BY], [CREATED_ON], [MODIFIED_BY], [MODIFIED_ON], [VERSION], [SUBJECT], [IS_ACTIVE], [CODE], [EMAIL_NOTIFICATION], [ESCALATION], [FREQUENCY_OF_SENDING_REMINDERS], [IDS_REVIEW_DISPLAY], [MESSAGE], [NAME], [NO_OF_PAST_DUE_DAYS], [NO_OF_REMINDERS], [NOTIFICATION_LEVEL], [NOTIFICATION_PROCESS_TYPE], [PARENT], [PROCESS_NAME], [REMINDER], [TYPE], [ASSIGNED_TO_ROLE]) VALUES (23, 2, CAST(N'2016-01-13 00:28:51.0270000' AS DateTime2), 2, CAST(N'2016-01-13 00:28:51.0370000' AS DateTime2), 3, N'System Subject', 1, N'ABC_NIF', 0, 0, 1, 0, N'System', N'ERROR_NOTIFICATION', 0, 0, 1, N'ERROR_NOTIFICATION', 3, N'System Initiated', 1, N'Action Item - System Initiated', 1)

INSERT [dbo].[BB_NOTIFICATION] ([BB_NOTIFICATION_ID], [CREATED_BY], [CREATED_ON], [MODIFIED_BY], [MODIFIED_ON], [VERSION], [SUBJECT], [IS_ACTIVE], [CODE], [EMAIL_NOTIFICATION], [ESCALATION], [FREQUENCY_OF_SENDING_REMINDERS], [IDS_REVIEW_DISPLAY], [MESSAGE], [NAME], [NO_OF_PAST_DUE_DAYS], [NO_OF_REMINDERS], [NOTIFICATION_LEVEL], [NOTIFICATION_PROCESS_TYPE], [PARENT], [PROCESS_NAME], [REMINDER], [TYPE], [ASSIGNED_TO_ROLE]) VALUES (24, 2, CAST(N'2016-01-13 00:29:11.9770000' AS DateTime2), 2, CAST(N'2016-01-13 00:29:11.9810000' AS DateTime2), 3, N'System Subject', 1, N'ABC_NIF', 0, 0, 1, 0, N'System', N'REFERENCE_MANUAL_ENTRY', 0, 0, 1, N'REFERENCE_MANUAL_ENTRY', 2, N'System Initiated', 1, N'Action Item - System Initiated', 1)

INSERT [dbo].[BB_NOTIFICATION] ([BB_NOTIFICATION_ID], [CREATED_BY], [CREATED_ON], [MODIFIED_BY], [MODIFIED_ON], [VERSION], [SUBJECT], [IS_ACTIVE], [CODE], [EMAIL_NOTIFICATION], [ESCALATION], [FREQUENCY_OF_SENDING_REMINDERS], [IDS_REVIEW_DISPLAY], [MESSAGE], [NAME], [NO_OF_PAST_DUE_DAYS], [NO_OF_REMINDERS], [NOTIFICATION_LEVEL], [NOTIFICATION_PROCESS_TYPE], [PARENT], [PROCESS_NAME], [REMINDER], [TYPE], [ASSIGNED_TO_ROLE]) VALUES (25, 2, CAST(N'2016-01-13 00:29:23.5120000' AS DateTime2), 2, CAST(N'2016-01-13 00:29:23.5170000' AS DateTime2), 3, N'System Subject', 1, N'ABC_NIF', 0, 0, 1, 0, N'System', N'NPL_DUPLICATE_CHECK', 0, 0, 1, N'NPL_DUPLICATE_CHECK', 1, N'System Initiated', 1, N'Action Item - System Initiated', 1)

SET IDENTITY_INSERT [dbo].[BB_NOTIFICATION] OFF

SET IDENTITY_INSERT [dbo].[BB_ACCESS_PROFILE] ON 


INSERT [dbo].[BB_ACCESS_PROFILE] ([BB_ACCESS_PROFILE_ID], [CREATED_BY], [CREATED_ON], [MODIFIED_BY], [MODIFIED_ON], [VERSION], [ACTIVE], [DESCRIPTION], [END_DATE], [NAME], [SEEDED]) VALUES (1, 1, CAST(N'2015-01-01 00:00:00.0000000' AS DateTime2), 1, CAST(N'2015-01-01 00:00:00.0000000' AS DateTime2), 1, 1, N'Default Access Profile', NULL, N'Default Access Profile', 1)

INSERT [dbo].[BB_ACCESS_PROFILE] ([BB_ACCESS_PROFILE_ID], [CREATED_BY], [CREATED_ON], [MODIFIED_BY], [MODIFIED_ON], [VERSION], [ACTIVE], [DESCRIPTION], [END_DATE], [NAME], [SEEDED]) VALUES (2, 1, CAST(N'2016-01-07 12:56:01.4770000' AS DateTime2), 1, CAST(N'2016-01-07 12:56:01.4770000' AS DateTime2), 0, 1, N'ALL', NULL, N'All_TABS', 0)

SET IDENTITY_INSERT [dbo].[BB_ACCESS_PROFILE] OFF

SET IDENTITY_INSERT [dbo].[BB_ROLE] ON 


INSERT [dbo].[BB_ROLE] ([BB_ROLE_ID], [CREATED_BY], [CREATED_ON], [MODIFIED_BY], [MODIFIED_ON], [VERSION], [ACTIVE], [DESCRIPTION], [END_DATE], [NAME], [OTP_ENABLED], [SEEDED], [SYSTEM_ROLE], [BB_ACCESS_PROFILE_ID]) VALUES (1, -1, CAST(N'2015-01-01 00:00:00.0000000' AS DateTime2), -1, CAST(N'2015-01-01 00:00:00.0000000' AS DateTime2), 1, 1, N'Sytem Role', CAST(N'2020-01-01 00:00:00.0000000' AS DateTime2), N'Sytem Role', 0, 1, 0, 1)

INSERT [dbo].[BB_ROLE] ([BB_ROLE_ID], [CREATED_BY], [CREATED_ON], [MODIFIED_BY], [MODIFIED_ON], [VERSION], [ACTIVE], [DESCRIPTION], [END_DATE], [NAME], [OTP_ENABLED], [SEEDED], [SYSTEM_ROLE], [BB_ACCESS_PROFILE_ID]) VALUES (2, 1, CAST(N'2016-01-07 12:56:44.1570000' AS DateTime2), 1, CAST(N'2016-01-07 12:56:44.1570000' AS DateTime2), 0, 1, N'Super', NULL, N'Super_Admin', 0, 0, 0, 2)

INSERT [dbo].[BB_ROLE] ([BB_ROLE_ID], [CREATED_BY], [CREATED_ON], [MODIFIED_BY], [MODIFIED_ON], [VERSION], [ACTIVE], [DESCRIPTION], [END_DATE], [NAME], [OTP_ENABLED], [SEEDED], [SYSTEM_ROLE], [BB_ACCESS_PROFILE_ID]) VALUES (3, 2, CAST(N'2016-01-13 00:28:27.5990000' AS DateTime2), NULL, CAST(N'2016-01-13 00:28:27.5990000' AS DateTime2), 0, 1, N'Create for System Initiated Notifications', CAST(N'2026-01-13 00:28:27.5980000' AS DateTime2), N'System Role', 0, 0, 1, NULL)

SET IDENTITY_INSERT [dbo].[BB_ROLE] OFF

SET IDENTITY_INSERT [dbo].[BB_ORGANIZATION] ON 


INSERT [dbo].[BB_ORGANIZATION] ([BB_ORGANIZATION_ID], [ADDRESS_1], [ADDRESS_2], [CITY], [BB_CLIENT], [COUNTRY], [NAME], [STATE], [ZIPCODE]) VALUES (-1, N'CA', N'LA', N'New york', -1, N'US', N'ORGANIZATION_1', N'PW', N'123')

INSERT [dbo].[BB_ORGANIZATION] ([BB_ORGANIZATION_ID], [ADDRESS_1], [ADDRESS_2], [CITY], [BB_CLIENT], [COUNTRY], [NAME], [STATE], [ZIPCODE]) VALUES (1, N'CA', N'LA', N'New York', -1, N'US', N'ORGANIZATION_1', N'PW', N'57121')

SET IDENTITY_INSERT [dbo].[BB_ORGANIZATION] OFF

SET IDENTITY_INSERT [dbo].[BB_MSTR_AUTHENTICATION_DATA] ON 

INSERT [dbo].[BB_MSTR_AUTHENTICATION_DATA] ([BB_MSTR_AUTHENTICATION_DATA_ID], [FILE_LOCATION_RELATIVE_PATH], [PASSWORD]) VALUES (1, N'/crawler/epf', N'India111')

INSERT [dbo].[BB_MSTR_AUTHENTICATION_DATA] ([BB_MSTR_AUTHENTICATION_DATA_ID], [FILE_LOCATION_RELATIVE_PATH], [PASSWORD]) VALUES (2, N'blackbox.epf', N'India111')

SET IDENTITY_INSERT [dbo].[BB_MSTR_AUTHENTICATION_DATA] OFF

SET IDENTITY_INSERT [dbo].[BB_MSTR_CUSTOMER] ON 

INSERT [dbo].[BB_MSTR_CUSTOMER] ([BB_CUSTOMER_ID], [CUSTOMER_NUMBER], [BB_MSTR_AUTHENTICATION_DATA]) VALUES (-1, N'9999999999', NULL)

INSERT [dbo].[BB_MSTR_CUSTOMER] ([BB_CUSTOMER_ID], [CUSTOMER_NUMBER], [BB_MSTR_AUTHENTICATION_DATA]) VALUES (1, N'123-456-FAC', 1)

INSERT [dbo].[BB_MSTR_CUSTOMER] ([BB_CUSTOMER_ID], [CUSTOMER_NUMBER], [BB_MSTR_AUTHENTICATION_DATA]) VALUES (2, N'123-456-FAC', 2)

INSERT [dbo].[BB_MSTR_CUSTOMER] ([BB_CUSTOMER_ID], [CUSTOMER_NUMBER], [BB_MSTR_AUTHENTICATION_DATA]) VALUES (3, N'123-456-BAC', 1)

INSERT [dbo].[BB_MSTR_CUSTOMER] ([BB_CUSTOMER_ID], [CUSTOMER_NUMBER], [BB_MSTR_AUTHENTICATION_DATA]) VALUES (4, N'123-456-MAC', 1)

INSERT [dbo].[BB_MSTR_CUSTOMER] ([BB_CUSTOMER_ID], [CUSTOMER_NUMBER], [BB_MSTR_AUTHENTICATION_DATA]) VALUES (5, N'136388', 1)

INSERT [dbo].[BB_MSTR_CUSTOMER] ([BB_CUSTOMER_ID], [CUSTOMER_NUMBER], [BB_MSTR_AUTHENTICATION_DATA]) VALUES (6, N'13688', 1)

INSERT [dbo].[BB_MSTR_CUSTOMER] ([BB_CUSTOMER_ID], [CUSTOMER_NUMBER], [BB_MSTR_AUTHENTICATION_DATA]) VALUES (7, N'22971', 1)

INSERT [dbo].[BB_MSTR_CUSTOMER] ([BB_CUSTOMER_ID], [CUSTOMER_NUMBER], [BB_MSTR_AUTHENTICATION_DATA]) VALUES (8, N'22428', 2)

INSERT [dbo].[BB_MSTR_CUSTOMER] ([BB_CUSTOMER_ID], [CUSTOMER_NUMBER], [BB_MSTR_AUTHENTICATION_DATA]) VALUES (9, N'34904', 1)

INSERT [dbo].[BB_MSTR_CUSTOMER] ([BB_CUSTOMER_ID], [CUSTOMER_NUMBER], [BB_MSTR_AUTHENTICATION_DATA]) VALUES (10, N'69316', 1)

INSERT [dbo].[BB_MSTR_CUSTOMER] ([BB_CUSTOMER_ID], [CUSTOMER_NUMBER], [BB_MSTR_AUTHENTICATION_DATA]) VALUES (11, N'27488', 1)

SET IDENTITY_INSERT [dbo].[BB_MSTR_CUSTOMER] OFF

SET IDENTITY_INSERT [dbo].[BB_MSTR_JURISDICTION] ON 


INSERT [dbo].[BB_MSTR_JURISDICTION] ([BB_JURISDICTION_ID], [CODE], [DESCRIPTION]) VALUES (1, N'US', N'US')

INSERT [dbo].[BB_MSTR_JURISDICTION] ([BB_JURISDICTION_ID], [CODE], [DESCRIPTION]) VALUES (2, N'WO', N'WIPO')

INSERT [dbo].[BB_MSTR_JURISDICTION] ([BB_JURISDICTION_ID], [CODE], [DESCRIPTION]) VALUES (3, N'EP', N'EUROPE')

SET IDENTITY_INSERT [dbo].[BB_MSTR_JURISDICTION] OFF

SET IDENTITY_INSERT [dbo].[BB_MSTR_TECHNOLOGY_GROUP] ON 


INSERT [dbo].[BB_MSTR_TECHNOLOGY_GROUP] ([BB_TECHNOLOGY_GROUP_ID], [BB_CLIENT], [DESCRIPTION], [NAME]) VALUES (-1, -1, N'Tech Group 1', N'TG1')

SET IDENTITY_INSERT [dbo].[BB_MSTR_TECHNOLOGY_GROUP] OFF

SET IDENTITY_INSERT [dbo].[BB_DOCUMENT_CODE] ON 


INSERT [dbo].[BB_DOCUMENT_CODE] ([BB_DOCUMENT_CODE_ID], [DOCUMENT_CODE], [DOCUMENT_DESCRIPTION], [BB_JURISDICTION_ID]) VALUES (4, N'NTC.MISS.PRT', N'Notice to File Missing Parts', 1)

INSERT [dbo].[BB_DOCUMENT_CODE] ([BB_DOCUMENT_CODE_ID], [DOCUMENT_CODE], [DOCUMENT_DESCRIPTION], [BB_JURISDICTION_ID]) VALUES (5, N'APP.FILE.REC', N'Filing Receipt', 1)

INSERT [dbo].[BB_DOCUMENT_CODE] ([BB_DOCUMENT_CODE_ID], [DOCUMENT_CODE], [DOCUMENT_DESCRIPTION], [BB_JURISDICTION_ID]) VALUES (6, N'MES.GIB', N'Test', 1)

INSERT [dbo].[BB_DOCUMENT_CODE] ([BB_DOCUMENT_CODE_ID], [DOCUMENT_CODE], [DOCUMENT_DESCRIPTION], [BB_JURISDICTION_ID]) VALUES (7, N'European Search Report', N'European Search Report', 3)

INSERT [dbo].[BB_DOCUMENT_CODE] ([BB_DOCUMENT_CODE_ID], [DOCUMENT_CODE], [DOCUMENT_DESCRIPTION], [BB_JURISDICTION_ID]) VALUES (8, N'Supplemental European Search Report', N'Supplemental European Search Report', 3)

INSERT [dbo].[BB_DOCUMENT_CODE] ([BB_DOCUMENT_CODE_ID], [DOCUMENT_CODE], [DOCUMENT_DESCRIPTION], [BB_JURISDICTION_ID]) VALUES (9, N'Office Action Article 94 (3) EPC', N'Office Action Article 94 (3) EPC', 3)

INSERT [dbo].[BB_DOCUMENT_CODE] ([BB_DOCUMENT_CODE_ID], [DOCUMENT_CODE], [DOCUMENT_DESCRIPTION], [BB_JURISDICTION_ID]) VALUES (10, N'Third Party Submissions', N'Third Party Submissions', 3)

INSERT [dbo].[BB_DOCUMENT_CODE] ([BB_DOCUMENT_CODE_ID], [DOCUMENT_CODE], [DOCUMENT_DESCRIPTION], [BB_JURISDICTION_ID]) VALUES (11, N'Office Action Under Rule 70 (2) EPC', N'Office Action Under Rule 70 (2) EPC', 3)

INSERT [dbo].[BB_DOCUMENT_CODE] ([BB_DOCUMENT_CODE_ID], [DOCUMENT_CODE], [DOCUMENT_DESCRIPTION], [BB_JURISDICTION_ID]) VALUES (12, N'Rule 161/162 Communication', N'Rule 161/162 Communication', 3)

SET IDENTITY_INSERT [dbo].[BB_DOCUMENT_CODE] OFF

INSERT [dbo].[BB_ROLE_ORGANIZATION] ([BB_ROLE_ID], [BB_ORGANIZATION_ID]) VALUES (1, 1)

INSERT [dbo].[BB_ROLE_ORGANIZATION] ([BB_ROLE_ID], [BB_ORGANIZATION_ID]) VALUES (2, -1)

INSERT [dbo].[BB_ROLE_ORGANIZATION] ([BB_ROLE_ID], [BB_ORGANIZATION_ID]) VALUES (2, 1)

INSERT [dbo].[BB_ROLE_ORGANIZATION] ([BB_ROLE_ID], [BB_ORGANIZATION_ID]) VALUES (3, -1)

INSERT [dbo].[BB_ROLE_ORGANIZATION] ([BB_ROLE_ID], [BB_ORGANIZATION_ID]) VALUES (3, 1)

SET IDENTITY_INSERT [dbo].[BB_PERMISSION] ON 


INSERT [dbo].[BB_PERMISSION] ([BB_PERMISSION_ID], [BB_ACCESS_CONTROL_ID], [PERMISSION_DESCRIPTION], [METHOD], [URL]) VALUES (1, 1, N'User can edit role', N'Post', N'/role/edit*')

INSERT [dbo].[BB_PERMISSION] ([BB_PERMISSION_ID], [BB_ACCESS_CONTROL_ID], [PERMISSION_DESCRIPTION], [METHOD], [URL]) VALUES (3, 2, N'User can delete role', N'Post', N'/role/delete*')

INSERT [dbo].[BB_PERMISSION] ([BB_PERMISSION_ID], [BB_ACCESS_CONTROL_ID], [PERMISSION_DESCRIPTION], [METHOD], [URL]) VALUES (5, 4, N'View User List', N'Get', N'/admin/usersTable*')

INSERT [dbo].[BB_PERMISSION] ([BB_PERMISSION_ID], [BB_ACCESS_CONTROL_ID], [PERMISSION_DESCRIPTION], [METHOD], [URL]) VALUES (6, 1, N'User can edit user', N'Get', N'/user/edit/{userId}')

INSERT [dbo].[BB_PERMISSION] ([BB_PERMISSION_ID], [BB_ACCESS_CONTROL_ID], [PERMISSION_DESCRIPTION], [METHOD], [URL]) VALUES (7, 6, N'User can generate OTP', N'Get', N'/user/generateotp*')

INSERT [dbo].[BB_PERMISSION] ([BB_PERMISSION_ID], [BB_ACCESS_CONTROL_ID], [PERMISSION_DESCRIPTION], [METHOD], [URL]) VALUES (8, 7, N'User can disable access', N'Post', N'/user/disableaccess')

INSERT [dbo].[BB_PERMISSION] ([BB_PERMISSION_ID], [BB_ACCESS_CONTROL_ID], [PERMISSION_DESCRIPTION], [METHOD], [URL]) VALUES (9, 8, N'User can delete user', N'Post', N'/user/dropuser')

INSERT [dbo].[BB_PERMISSION] ([BB_PERMISSION_ID], [BB_ACCESS_CONTROL_ID], [PERMISSION_DESCRIPTION], [METHOD], [URL]) VALUES (10, 9, N'User can create new user', N'Get', N'/user/newuser')

INSERT [dbo].[BB_PERMISSION] ([BB_PERMISSION_ID], [BB_ACCESS_CONTROL_ID], [PERMISSION_DESCRIPTION], [METHOD], [URL]) VALUES (11, 10, N'Edit access profile', N'Post', N'/accessprofile/edit*')

INSERT [dbo].[BB_PERMISSION] ([BB_PERMISSION_ID], [BB_ACCESS_CONTROL_ID], [PERMISSION_DESCRIPTION], [METHOD], [URL]) VALUES (12, 11, N'Create access profile', N'Post', N'/accessprofile/create*')

INSERT [dbo].[BB_PERMISSION] ([BB_PERMISSION_ID], [BB_ACCESS_CONTROL_ID], [PERMISSION_DESCRIPTION], [METHOD], [URL]) VALUES (13, 5, N'Edit user', N'Post', N'/user/edit')

INSERT [dbo].[BB_PERMISSION] ([BB_PERMISSION_ID], [BB_ACCESS_CONTROL_ID], [PERMISSION_DESCRIPTION], [METHOD], [URL]) VALUES (14, 8, N'Delete  user', N'Post', N'/user/drop')

INSERT [dbo].[BB_PERMISSION] ([BB_PERMISSION_ID], [BB_ACCESS_CONTROL_ID], [PERMISSION_DESCRIPTION], [METHOD], [URL]) VALUES (15, 9, N'Create user', N'Post', N'/user/create')

INSERT [dbo].[BB_PERMISSION] ([BB_PERMISSION_ID], [BB_ACCESS_CONTROL_ID], [PERMISSION_DESCRIPTION], [METHOD], [URL]) VALUES (16, 5, N'Update user', N'Post', N'/user/update')

INSERT [dbo].[BB_PERMISSION] ([BB_PERMISSION_ID], [BB_ACCESS_CONTROL_ID], [PERMISSION_DESCRIPTION], [METHOD], [URL]) VALUES (17, 16, N'User can create role', N'Post', N'/role/create*')

INSERT [dbo].[BB_PERMISSION] ([BB_PERMISSION_ID], [BB_ACCESS_CONTROL_ID], [PERMISSION_DESCRIPTION], [METHOD], [URL]) VALUES (18, 16, N'User can create role', N'Post', N'/role/submit')

INSERT [dbo].[BB_PERMISSION] ([BB_PERMISSION_ID], [BB_ACCESS_CONTROL_ID], [PERMISSION_DESCRIPTION], [METHOD], [URL]) VALUES (19, 1, N'User can edit role', N'Post', N'/role/update')

INSERT [dbo].[BB_PERMISSION] ([BB_PERMISSION_ID], [BB_ACCESS_CONTROL_ID], [PERMISSION_DESCRIPTION], [METHOD], [URL]) VALUES (20, 47, N'admin access', N'Post', N'/admin/')

INSERT [dbo].[BB_PERMISSION] ([BB_PERMISSION_ID], [BB_ACCESS_CONTROL_ID], [PERMISSION_DESCRIPTION], [METHOD], [URL]) VALUES (23, 20, N'Admin Notification Dashboard', N'GET', N'/notification/dashBoard')

INSERT [dbo].[BB_PERMISSION] ([BB_PERMISSION_ID], [BB_ACCESS_CONTROL_ID], [PERMISSION_DESCRIPTION], [METHOD], [URL]) VALUES (24, 20, N'Admin Notification Dashboard', N'GET', N'/notification/workflowManagementAjaxCall*')

INSERT [dbo].[BB_PERMISSION] ([BB_PERMISSION_ID], [BB_ACCESS_CONTROL_ID], [PERMISSION_DESCRIPTION], [METHOD], [URL]) VALUES (25, 22, N'View Role List', N'Get', N'/admin/listrole')

INSERT [dbo].[BB_PERMISSION] ([BB_PERMISSION_ID], [BB_ACCESS_CONTROL_ID], [PERMISSION_DESCRIPTION], [METHOD], [URL]) VALUES (26, 23, N'View Access Profile List', N'Get', N'/admin/accessprofile*')

INSERT [dbo].[BB_PERMISSION] ([BB_PERMISSION_ID], [BB_ACCESS_CONTROL_ID], [PERMISSION_DESCRIPTION], [METHOD], [URL]) VALUES (27, 24, N'setup Notification', N'Get', N'/notification/setUpNotification*')

INSERT [dbo].[BB_PERMISSION] ([BB_PERMISSION_ID], [BB_ACCESS_CONTROL_ID], [PERMISSION_DESCRIPTION], [METHOD], [URL]) VALUES (28, 25, N'Edit user bussiness rule', N'Get', N'/notification/editBussinessRules*')

INSERT [dbo].[BB_PERMISSION] ([BB_PERMISSION_ID], [BB_ACCESS_CONTROL_ID], [PERMISSION_DESCRIPTION], [METHOD], [URL]) VALUES (29, 24, N'workFlow Notification', N'POST', N'/notification/submitNotificationForm')

INSERT [dbo].[BB_PERMISSION] ([BB_PERMISSION_ID], [BB_ACCESS_CONTROL_ID], [PERMISSION_DESCRIPTION], [METHOD], [URL]) VALUES (30, 25, N'workFlow Notification', N'POST', N'/notification/editRoles')

INSERT [dbo].[BB_PERMISSION] ([BB_PERMISSION_ID], [BB_ACCESS_CONTROL_ID], [PERMISSION_DESCRIPTION], [METHOD], [URL]) VALUES (31, 25, N'workFlow Notification', N'POST', N'/notification/editNotification')

INSERT [dbo].[BB_PERMISSION] ([BB_PERMISSION_ID], [BB_ACCESS_CONTROL_ID], [PERMISSION_DESCRIPTION], [METHOD], [URL]) VALUES (32, 25, N'workFlow Notification', N'POST', N'/notification/editRuleForSystem')

INSERT [dbo].[BB_PERMISSION] ([BB_PERMISSION_ID], [BB_ACCESS_CONTROL_ID], [PERMISSION_DESCRIPTION], [METHOD], [URL]) VALUES (33, 25, N'workFlow Notification', N'POST', N'/notification/deleteRule')

INSERT [dbo].[BB_PERMISSION] ([BB_PERMISSION_ID], [BB_ACCESS_CONTROL_ID], [PERMISSION_DESCRIPTION], [METHOD], [URL]) VALUES (36, 31, N'Delete access profile', N'POST', N'/accessprofile/delete*')

INSERT [dbo].[BB_PERMISSION] ([BB_PERMISSION_ID], [BB_ACCESS_CONTROL_ID], [PERMISSION_DESCRIPTION], [METHOD], [URL]) VALUES (37, 32, N'View User', N'Get', N'/user/view/{userId}')

INSERT [dbo].[BB_PERMISSION] ([BB_PERMISSION_ID], [BB_ACCESS_CONTROL_ID], [PERMISSION_DESCRIPTION], [METHOD], [URL]) VALUES (38, 33, N'User can view role', N'Get', N'/role/view*')

INSERT [dbo].[BB_PERMISSION] ([BB_PERMISSION_ID], [BB_ACCESS_CONTROL_ID], [PERMISSION_DESCRIPTION], [METHOD], [URL]) VALUES (39, 34, N'User enable access', N'Get', N'/user/enable/{userId}')

INSERT [dbo].[BB_PERMISSION] ([BB_PERMISSION_ID], [BB_ACCESS_CONTROL_ID], [PERMISSION_DESCRIPTION], [METHOD], [URL]) VALUES (40, 16, N'Get Access Profile', N'Get', N'/role/accessProfile*')

INSERT [dbo].[BB_PERMISSION] ([BB_PERMISSION_ID], [BB_ACCESS_CONTROL_ID], [PERMISSION_DESCRIPTION], [METHOD], [URL]) VALUES (41, 4, N'View basic user details', N'Get', N'/admin/userDetails*')

INSERT [dbo].[BB_PERMISSION] ([BB_PERMISSION_ID], [BB_ACCESS_CONTROL_ID], [PERMISSION_DESCRIPTION], [METHOD], [URL]) VALUES (43, 34, N'User enable access', N'Get', N'/user/unlock/{userId}')

INSERT [dbo].[BB_PERMISSION] ([BB_PERMISSION_ID], [BB_ACCESS_CONTROL_ID], [PERMISSION_DESCRIPTION], [METHOD], [URL]) VALUES (44, 39, N'View acccess profile', N'Get', N'/accessprofile/view*')

INSERT [dbo].[BB_PERMISSION] ([BB_PERMISSION_ID], [BB_ACCESS_CONTROL_ID], [PERMISSION_DESCRIPTION], [METHOD], [URL]) VALUES (45, 11, N'Submit acccess profile', N'Get', N'/accessprofile/submit*')

INSERT [dbo].[BB_PERMISSION] ([BB_PERMISSION_ID], [BB_ACCESS_CONTROL_ID], [PERMISSION_DESCRIPTION], [METHOD], [URL]) VALUES (46, 25, N'workFlow Notification', N'POST', N'/notification/getRolesByAttributes')

INSERT [dbo].[BB_PERMISSION] ([BB_PERMISSION_ID], [BB_ACCESS_CONTROL_ID], [PERMISSION_DESCRIPTION], [METHOD], [URL]) VALUES (47, 23, N'View Access Profile List', N'Get', N'/admin/listaccessprofile*')

INSERT [dbo].[BB_PERMISSION] ([BB_PERMISSION_ID], [BB_ACCESS_CONTROL_ID], [PERMISSION_DESCRIPTION], [METHOD], [URL]) VALUES (48, 4, N'View User List', N'Get', N'/admin/listuser*')

INSERT [dbo].[BB_PERMISSION] ([BB_PERMISSION_ID], [BB_ACCESS_CONTROL_ID], [PERMISSION_DESCRIPTION], [METHOD], [URL]) VALUES (49, 44, N'View Product', N'Get', N'/product/dashboard/')

INSERT [dbo].[BB_PERMISSION] ([BB_PERMISSION_ID], [BB_ACCESS_CONTROL_ID], [PERMISSION_DESCRIPTION], [METHOD], [URL]) VALUES (50, 10, N'Update Access Profile', N'Get', N'/accessprofile/update')

INSERT [dbo].[BB_PERMISSION] ([BB_PERMISSION_ID], [BB_ACCESS_CONTROL_ID], [PERMISSION_DESCRIPTION], [METHOD], [URL]) VALUES (51, 48, N'View user details by profile', N'Get', N'/admin/userDetailsByProfile*')

INSERT [dbo].[BB_PERMISSION] ([BB_PERMISSION_ID], [BB_ACCESS_CONTROL_ID], [PERMISSION_DESCRIPTION], [METHOD], [URL]) VALUES (54, 114, N'MDM -> View Dashboard', N'GET', N'/mdm/dashboard')

INSERT [dbo].[BB_PERMISSION] ([BB_PERMISSION_ID], [BB_ACCESS_CONTROL_ID], [PERMISSION_DESCRIPTION], [METHOD], [URL]) VALUES (55, 113, N'MDM -> Dashboard -> Active Records', N'GET', N'/mdm/activeRecords/**')

INSERT [dbo].[BB_PERMISSION] ([BB_PERMISSION_ID], [BB_ACCESS_CONTROL_ID], [PERMISSION_DESCRIPTION], [METHOD], [URL]) VALUES (61, 112, N'MDM -> Dashboard -> Inactive Records', N'GET', N'/mdm/inactiveRecords/*')

INSERT [dbo].[BB_PERMISSION] ([BB_PERMISSION_ID], [BB_ACCESS_CONTROL_ID], [PERMISSION_DESCRIPTION], [METHOD], [URL]) VALUES (65, 113, N'MDM -> Dashboard -> Active Records', N'POST', N'/mdm/activeRecords/**')

INSERT [dbo].[BB_PERMISSION] ([BB_PERMISSION_ID], [BB_ACCESS_CONTROL_ID], [PERMISSION_DESCRIPTION], [METHOD], [URL]) VALUES (68, 112, N'MDM -> Dashboard -> Inactive Records', N'POST', N'/mdm/inactiveRecords/*')

INSERT [dbo].[BB_PERMISSION] ([BB_PERMISSION_ID], [BB_ACCESS_CONTROL_ID], [PERMISSION_DESCRIPTION], [METHOD], [URL]) VALUES (69, 111, N'MDM -> Dashboard -> Create Application', N'GET', N'/mdm/createApp/**')

INSERT [dbo].[BB_PERMISSION] ([BB_PERMISSION_ID], [BB_ACCESS_CONTROL_ID], [PERMISSION_DESCRIPTION], [METHOD], [URL]) VALUES (70, 111, N'MDM -> Dashboard -> Create Application', N'POST', N'/mdm/createApp/**')

INSERT [dbo].[BB_PERMISSION] ([BB_PERMISSION_ID], [BB_ACCESS_CONTROL_ID], [PERMISSION_DESCRIPTION], [METHOD], [URL]) VALUES (71, 110, N'MDM -> Edit Application', N'GET', N'/mdm/editApp/*')

INSERT [dbo].[BB_PERMISSION] ([BB_PERMISSION_ID], [BB_ACCESS_CONTROL_ID], [PERMISSION_DESCRIPTION], [METHOD], [URL]) VALUES (72, 108, N'MDM -> Actions -> Transfer Record', N'GET', N'/mdm/application/transfer/*')

INSERT [dbo].[BB_PERMISSION] ([BB_PERMISSION_ID], [BB_ACCESS_CONTROL_ID], [PERMISSION_DESCRIPTION], [METHOD], [URL]) VALUES (73, 107, N'MDM -> Actions -> Abandon Record', N'GET', N'/mdm/application/abandon/*')

INSERT [dbo].[BB_PERMISSION] ([BB_PERMISSION_ID], [BB_ACCESS_CONTROL_ID], [PERMISSION_DESCRIPTION], [METHOD], [URL]) VALUES (74, 106, N'MDM -> Actions -> Delete Record', N'GET', N'/mdm/application/delete/*')

INSERT [dbo].[BB_PERMISSION] ([BB_PERMISSION_ID], [BB_ACCESS_CONTROL_ID], [PERMISSION_DESCRIPTION], [METHOD], [URL]) VALUES (87, 105, N'MDM -> Actions -> Deactivate Record', N'GET', N'/mdm/application/deactivate/*')

INSERT [dbo].[BB_PERMISSION] ([BB_PERMISSION_ID], [BB_ACCESS_CONTROL_ID], [PERMISSION_DESCRIPTION], [METHOD], [URL]) VALUES (93, 104, N'MDM -> Actions -> Reactivate Record', N'GET', N'/mdm/application/reactivate/*')

INSERT [dbo].[BB_PERMISSION] ([BB_PERMISSION_ID], [BB_ACCESS_CONTROL_ID], [PERMISSION_DESCRIPTION], [METHOD], [URL]) VALUES (94, 101, N'MDM ->  Actions Items', N'GET', N'/mdm/actionItems
')

INSERT [dbo].[BB_PERMISSION] ([BB_PERMISSION_ID], [BB_ACCESS_CONTROL_ID], [PERMISSION_DESCRIPTION], [METHOD], [URL]) VALUES (101, 91, N'MDM -> Actions Items -> Create Request App', N'POST', N'/mdm/actionItems/createRequestApp/**')

INSERT [dbo].[BB_PERMISSION] ([BB_PERMISSION_ID], [BB_ACCESS_CONTROL_ID], [PERMISSION_DESCRIPTION], [METHOD], [URL]) VALUES (104, 93, N'MDM -> Actions Items -> Update Request App', N'POST', N'/mdm/actionItems/updateRequestApp/*')

INSERT [dbo].[BB_PERMISSION] ([BB_PERMISSION_ID], [BB_ACCESS_CONTROL_ID], [PERMISSION_DESCRIPTION], [METHOD], [URL]) VALUES (105, 94, N'MDM -> Actions Items -> Update Request Assignee', N'POST', N'/mdm/actionItems/updateRequestAssignee/*')

INSERT [dbo].[BB_PERMISSION] ([BB_PERMISSION_ID], [BB_ACCESS_CONTROL_ID], [PERMISSION_DESCRIPTION], [METHOD], [URL]) VALUES (107, 99, N'MDM -> Actions Items -> Create Request Family', N'POST', N'/mdm/actionItems/createRequestFamily/*')

INSERT [dbo].[BB_PERMISSION] ([BB_PERMISSION_ID], [BB_ACCESS_CONTROL_ID], [PERMISSION_DESCRIPTION], [METHOD], [URL]) VALUES (108, 95, N'MDM -> Actions Items -> Update Request Family Linkage', N'POST', N'/mdm/actionItems/updateRequestFamilyLinkage/*')

INSERT [dbo].[BB_PERMISSION] ([BB_PERMISSION_ID], [BB_ACCESS_CONTROL_ID], [PERMISSION_DESCRIPTION], [METHOD], [URL]) VALUES (109, 96, N'MDM -> Actions Items -> Change Request', N'POST', N'/mdm/actionItems/changeRequest/*')

INSERT [dbo].[BB_PERMISSION] ([BB_PERMISSION_ID], [BB_ACCESS_CONTROL_ID], [PERMISSION_DESCRIPTION], [METHOD], [URL]) VALUES (111, 103, N'MDM -> Actions -> Deactivate Approval', N'POST', N'/mdm/actions/deactivate/*')

INSERT [dbo].[BB_PERMISSION] ([BB_PERMISSION_ID], [BB_ACCESS_CONTROL_ID], [PERMISSION_DESCRIPTION], [METHOD], [URL]) VALUES (120, 102, N'MDM -> Actions -> Drop Approval', N'POST', N'/mdm/actions/drop/*')

INSERT [dbo].[BB_PERMISSION] ([BB_PERMISSION_ID], [BB_ACCESS_CONTROL_ID], [PERMISSION_DESCRIPTION], [METHOD], [URL]) VALUES (161, 109, N'MDM -> Edit Family', N'POST', N'/mdm/editFamily/*')

INSERT [dbo].[BB_PERMISSION] ([BB_PERMISSION_ID], [BB_ACCESS_CONTROL_ID], [PERMISSION_DESCRIPTION], [METHOD], [URL]) VALUES (162, 97, N'MDM -> Drafts', N'GET', N'/mdm/drafts')

INSERT [dbo].[BB_PERMISSION] ([BB_PERMISSION_ID], [BB_ACCESS_CONTROL_ID], [PERMISSION_DESCRIPTION], [METHOD], [URL]) VALUES (163, 63, N'Reference', N'POST', N'/reference*')

INSERT [dbo].[BB_PERMISSION] ([BB_PERMISSION_ID], [BB_ACCESS_CONTROL_ID], [PERMISSION_DESCRIPTION], [METHOD], [URL]) VALUES (164, 64, N'Reference -> Dashboard -> View Entry', N'POST', N'/reference/dashboard/referenceEntry*')

INSERT [dbo].[BB_PERMISSION] ([BB_PERMISSION_ID], [BB_ACCESS_CONTROL_ID], [PERMISSION_DESCRIPTION], [METHOD], [URL]) VALUES (165, 64, N'Reference -> Dashboard -> View Entry', N'POST', N'/reference/dashboard/referenceEntry/records*')

INSERT [dbo].[BB_PERMISSION] ([BB_PERMISSION_ID], [BB_ACCESS_CONTROL_ID], [PERMISSION_DESCRIPTION], [METHOD], [URL]) VALUES (166, 64, N'Reference -> Dashboard -> View Entry', N'POST', N'/reference/dashboard/downloadFile*')

INSERT [dbo].[BB_PERMISSION] ([BB_PERMISSION_ID], [BB_ACCESS_CONTROL_ID], [PERMISSION_DESCRIPTION], [METHOD], [URL]) VALUES (167, 65, N'Reference -> Dashboard -> Update Reference', N'POST', N'/reference/dashboard/updateReference*')

INSERT [dbo].[BB_PERMISSION] ([BB_PERMISSION_ID], [BB_ACCESS_CONTROL_ID], [PERMISSION_DESCRIPTION], [METHOD], [URL]) VALUES (168, 65, N'Reference -> Dashboard -> Update Reference', N'POST', N'/reference/dashboard/updateReference/records*')

INSERT [dbo].[BB_PERMISSION] ([BB_PERMISSION_ID], [BB_ACCESS_CONTROL_ID], [PERMISSION_DESCRIPTION], [METHOD], [URL]) VALUES (169, 65, N'Reference -> Dashboard -> Update Reference', N'POST', N'/reference/dashboard/downloadFile*')

INSERT [dbo].[BB_PERMISSION] ([BB_PERMISSION_ID], [BB_ACCESS_CONTROL_ID], [PERMISSION_DESCRIPTION], [METHOD], [URL]) VALUES (170, 66, N'Reference -> Dashboard -> Check Duplicate', N'POST', N'/reference/dashboard/duplicateCheck*')

INSERT [dbo].[BB_PERMISSION] ([BB_PERMISSION_ID], [BB_ACCESS_CONTROL_ID], [PERMISSION_DESCRIPTION], [METHOD], [URL]) VALUES (171, 66, N'Reference -> Dashboard -> Check Duplicate', N'POST', N'/reference/dashboard/duplicateCheck/records*')

INSERT [dbo].[BB_PERMISSION] ([BB_PERMISSION_ID], [BB_ACCESS_CONTROL_ID], [PERMISSION_DESCRIPTION], [METHOD], [URL]) VALUES (172, 66, N'Reference -> Dashboard -> Check Duplicate', N'POST', N'/reference/dashboard/downloadFile*')

INSERT [dbo].[BB_PERMISSION] ([BB_PERMISSION_ID], [BB_ACCESS_CONTROL_ID], [PERMISSION_DESCRIPTION], [METHOD], [URL]) VALUES (173, 67, N'Reference -> Dashboard -> Check Duplicate -> Verify', N'POST', N'/reference/dashboard/verifyDuplicateCheck*')

INSERT [dbo].[BB_PERMISSION] ([BB_PERMISSION_ID], [BB_ACCESS_CONTROL_ID], [PERMISSION_DESCRIPTION], [METHOD], [URL]) VALUES (174, 67, N'Reference -> Dashboard -> Check Duplicate -> Verify', N'POST', N'/reference/dashboard/openDuplicateCheckPage*')

INSERT [dbo].[BB_PERMISSION] ([BB_PERMISSION_ID], [BB_ACCESS_CONTROL_ID], [PERMISSION_DESCRIPTION], [METHOD], [URL]) VALUES (175, 67, N'Reference -> Dashboard -> Check Duplicate -> Verify', N'POST', N'/reference/dashboard/duplicateCheckAction*')

INSERT [dbo].[BB_PERMISSION] ([BB_PERMISSION_ID], [BB_ACCESS_CONTROL_ID], [PERMISSION_DESCRIPTION], [METHOD], [URL]) VALUES (176, 68, N'Reference -> Dashboard -> Update Reference -> Delete Reference', N'POST', N'/reference/dashboard/deleteUpdateReference*')

INSERT [dbo].[BB_PERMISSION] ([BB_PERMISSION_ID], [BB_ACCESS_CONTROL_ID], [PERMISSION_DESCRIPTION], [METHOD], [URL]) VALUES (177, 70, N'Reference -> Dashboard -> Reference Entry -> Delete Document', N'POST', N'/reference/dashboard/deleteDocument*')

INSERT [dbo].[BB_PERMISSION] ([BB_PERMISSION_ID], [BB_ACCESS_CONTROL_ID], [PERMISSION_DESCRIPTION], [METHOD], [URL]) VALUES (178, 71, N'Reference -> Dashboard -> Reference Entry -> Add Reference', N'POST', N'/reference/dashboard/addReferenceForDone*')

INSERT [dbo].[BB_PERMISSION] ([BB_PERMISSION_ID], [BB_ACCESS_CONTROL_ID], [PERMISSION_DESCRIPTION], [METHOD], [URL]) VALUES (179, 69, N'Reference -> Dashboard -> Update Reference -> Add Details', N'POST', N'/reference/dashboard/addDetailsUpdateReference*')

INSERT [dbo].[BB_PERMISSION] ([BB_PERMISSION_ID], [BB_ACCESS_CONTROL_ID], [PERMISSION_DESCRIPTION], [METHOD], [URL]) VALUES (180, 69, N'Reference -> Dashboard -> Update Reference -> Add Details', N'POST', N'/reference/dashboard/submitAddDetailsUpdateReference*')

INSERT [dbo].[BB_PERMISSION] ([BB_PERMISSION_ID], [BB_ACCESS_CONTROL_ID], [PERMISSION_DESCRIPTION], [METHOD], [URL]) VALUES (181, 72, N'Reference -> Dashboard -> Self Citation', N'GET', N'/reference/dashboard/newSelfCitedReference*')

INSERT [dbo].[BB_PERMISSION] ([BB_PERMISSION_ID], [BB_ACCESS_CONTROL_ID], [PERMISSION_DESCRIPTION], [METHOD], [URL]) VALUES (182, 72, N'Reference -> Dashboard -> Self Citation', N'GET', N'/reference/dashboard/createSelfCitedReference*')

INSERT [dbo].[BB_PERMISSION] ([BB_PERMISSION_ID], [BB_ACCESS_CONTROL_ID], [PERMISSION_DESCRIPTION], [METHOD], [URL]) VALUES (183, 72, N'Reference -> Dashboard -> Self Citation', N'GET', N'/reference/dashboard/appDetail*')

INSERT [dbo].[BB_PERMISSION] ([BB_PERMISSION_ID], [BB_ACCESS_CONTROL_ID], [PERMISSION_DESCRIPTION], [METHOD], [URL]) VALUES (184, 72, N'Reference -> Dashboard -> Self Citation', N'GET', N'/reference/dashboard/addReferenceAutoAdd*')

INSERT [dbo].[BB_PERMISSION] ([BB_PERMISSION_ID], [BB_ACCESS_CONTROL_ID], [PERMISSION_DESCRIPTION], [METHOD], [URL]) VALUES (185, 72, N'Reference -> Dashboard -> Self Citation', N'GET', N'/reference/dashboard/submitSelfCitedReference*')

INSERT [dbo].[BB_PERMISSION] ([BB_PERMISSION_ID], [BB_ACCESS_CONTROL_ID], [PERMISSION_DESCRIPTION], [METHOD], [URL]) VALUES (186, 73, N'Reference -> Management -> All Records', N'GET', N'/reference/management/allRecords*')

INSERT [dbo].[BB_PERMISSION] ([BB_PERMISSION_ID], [BB_ACCESS_CONTROL_ID], [PERMISSION_DESCRIPTION], [METHOD], [URL]) VALUES (187, 73, N'Reference -> Management -> All Records', N'GET', N'/reference/management/download*')

INSERT [dbo].[BB_PERMISSION] ([BB_PERMISSION_ID], [BB_ACCESS_CONTROL_ID], [PERMISSION_DESCRIPTION], [METHOD], [URL]) VALUES (188, 73, N'Reference -> Management -> ALL Records', N'GET', N'/reference/management/getCorrespondence*')

INSERT [dbo].[BB_PERMISSION] ([BB_PERMISSION_ID], [BB_ACCESS_CONTROL_ID], [PERMISSION_DESCRIPTION], [METHOD], [URL]) VALUES (189, 74, N'Reference -> Management -> Pending Records', N'GET', N'/reference/management/pendingRecords*')

INSERT [dbo].[BB_PERMISSION] ([BB_PERMISSION_ID], [BB_ACCESS_CONTROL_ID], [PERMISSION_DESCRIPTION], [METHOD], [URL]) VALUES (190, 74, N'Reference -> Management -> Pending Records', N'GET', N'/reference/management/download*')

INSERT [dbo].[BB_PERMISSION] ([BB_PERMISSION_ID], [BB_ACCESS_CONTROL_ID], [PERMISSION_DESCRIPTION], [METHOD], [URL]) VALUES (191, 75, N'Reference -> Management -> All Records -> Review Reference', N'GET', N'/reference/management/review*')

INSERT [dbo].[BB_PERMISSION] ([BB_PERMISSION_ID], [BB_ACCESS_CONTROL_ID], [PERMISSION_DESCRIPTION], [METHOD], [URL]) VALUES (192, 75, N'Reference -> Management -> All Records -> Review Reference', N'GET', N'/reference/management/delete*')

INSERT [dbo].[BB_PERMISSION] ([BB_PERMISSION_ID], [BB_ACCESS_CONTROL_ID], [PERMISSION_DESCRIPTION], [METHOD], [URL]) VALUES (193, 75, N'Reference -> Management -> All Records -> Review Reference', N'GET', N'/reference/management/create*')

INSERT [dbo].[BB_PERMISSION] ([BB_PERMISSION_ID], [BB_ACCESS_CONTROL_ID], [PERMISSION_DESCRIPTION], [METHOD], [URL]) VALUES (194, 76, N'Reference -> Management -> Pending Records -> Add Reference', N'GET', N'/reference/management/addReference*')

INSERT [dbo].[BB_PERMISSION] ([BB_PERMISSION_ID], [BB_ACCESS_CONTROL_ID], [PERMISSION_DESCRIPTION], [METHOD], [URL]) VALUES (195, 77, N'Reference -> Dashboard', N'POST', N'/reference/dashboard*')

INSERT [dbo].[BB_PERMISSION] ([BB_PERMISSION_ID], [BB_ACCESS_CONTROL_ID], [PERMISSION_DESCRIPTION], [METHOD], [URL]) VALUES (196, NULL, N'Correspondence Dashboard', N'GET', N'/correspondence/dashboard*')

INSERT [dbo].[BB_PERMISSION] ([BB_PERMISSION_ID], [BB_ACCESS_CONTROL_ID], [PERMISSION_DESCRIPTION], [METHOD], [URL]) VALUES (197, 79, N'Urgent Correspondence', N'POST', N'/correspondence/add/urgent')

INSERT [dbo].[BB_PERMISSION] ([BB_PERMISSION_ID], [BB_ACCESS_CONTROL_ID], [PERMISSION_DESCRIPTION], [METHOD], [URL]) VALUES (198, 80, N'Create Application Request', N'POST', N'/correspondence/createApplicationRequest')

INSERT [dbo].[BB_PERMISSION] ([BB_PERMISSION_ID], [BB_ACCESS_CONTROL_ID], [PERMISSION_DESCRIPTION], [METHOD], [URL]) VALUES (199, NULL, N'Correspondence View active documents', N'POST', N'/correspondence/activeDocuments')

INSERT [dbo].[BB_PERMISSION] ([BB_PERMISSION_ID], [BB_ACCESS_CONTROL_ID], [PERMISSION_DESCRIPTION], [METHOD], [URL]) VALUES (200, NULL, N'Search Correspondence Form', N'GET', N'/correspondence/searchApplicationForm')

INSERT [dbo].[BB_PERMISSION] ([BB_PERMISSION_ID], [BB_ACCESS_CONTROL_ID], [PERMISSION_DESCRIPTION], [METHOD], [URL]) VALUES (201, NULL, N'Create Application Request Form', N'GET', N'/correspondence/createApplicationRequestForm')

INSERT [dbo].[BB_PERMISSION] ([BB_PERMISSION_ID], [BB_ACCESS_CONTROL_ID], [PERMISSION_DESCRIPTION], [METHOD], [URL]) VALUES (202, NULL, N'Create Application Correspondence', N'POST', N'/correspondence/createApplication')

INSERT [dbo].[BB_PERMISSION] ([BB_PERMISSION_ID], [BB_ACCESS_CONTROL_ID], [PERMISSION_DESCRIPTION], [METHOD], [URL]) VALUES (203, NULL, N'Search Application Correspondence', N'POST', N'/correspondence/searchApplication')

INSERT [dbo].[BB_PERMISSION] ([BB_PERMISSION_ID], [BB_ACCESS_CONTROL_ID], [PERMISSION_DESCRIPTION], [METHOD], [URL]) VALUES (204, NULL, N'Bulk upload', N'POST', N'/correspondence/uploadFiles')

INSERT [dbo].[BB_PERMISSION] ([BB_PERMISSION_ID], [BB_ACCESS_CONTROL_ID], [PERMISSION_DESCRIPTION], [METHOD], [URL]) VALUES (205, NULL, N'Pair audit validate', N'POST', N'/correspondence/pairAudit/validate')

INSERT [dbo].[BB_PERMISSION] ([BB_PERMISSION_ID], [BB_ACCESS_CONTROL_ID], [PERMISSION_DESCRIPTION], [METHOD], [URL]) VALUES (206, NULL, N'Pair audit', N'POST', N'/correspondence/pairAudit/upload*')

INSERT [dbo].[BB_PERMISSION] ([BB_PERMISSION_ID], [BB_ACCESS_CONTROL_ID], [PERMISSION_DESCRIPTION], [METHOD], [URL]) VALUES (207, NULL, N'Active document delete', N'GET', N'/correspondence/activeDocuments/deleteCorrespondence*')

INSERT [dbo].[BB_PERMISSION] ([BB_PERMISSION_ID], [BB_ACCESS_CONTROL_ID], [PERMISSION_DESCRIPTION], [METHOD], [URL]) VALUES (208, NULL, N'Active document View', N'GET', N'/correspondence/activeDocuments/viewDoc*')

INSERT [dbo].[BB_PERMISSION] ([BB_PERMISSION_ID], [BB_ACCESS_CONTROL_ID], [PERMISSION_DESCRIPTION], [METHOD], [URL]) VALUES (209, NULL, N'Inactive document', N'POST', N'/correspondence/inactiveDocuments')

INSERT [dbo].[BB_PERMISSION] ([BB_PERMISSION_ID], [BB_ACCESS_CONTROL_ID], [PERMISSION_DESCRIPTION], [METHOD], [URL]) VALUES (210, NULL, N'view pdf', N'GET', N'/correspondence/viewDocument/viewPdf/*')

INSERT [dbo].[BB_PERMISSION] ([BB_PERMISSION_ID], [BB_ACCESS_CONTROL_ID], [PERMISSION_DESCRIPTION], [METHOD], [URL]) VALUES (211, NULL, N'get inactive document', N'GET', N'/correspondence/inactiveDocuments/getInActiveCorrespondences/*')

INSERT [dbo].[BB_PERMISSION] ([BB_PERMISSION_ID], [BB_ACCESS_CONTROL_ID], [PERMISSION_DESCRIPTION], [METHOD], [URL]) VALUES (212, NULL, N'get active document', N'GET', N'/correspondence/activeDocuments/getActiveCorrespondences/*')

INSERT [dbo].[BB_PERMISSION] ([BB_PERMISSION_ID], [BB_ACCESS_CONTROL_ID], [PERMISSION_DESCRIPTION], [METHOD], [URL]) VALUES (213, NULL, N'action items', N'GET', N'/correspondence/actionItems')

INSERT [dbo].[BB_PERMISSION] ([BB_PERMISSION_ID], [BB_ACCESS_CONTROL_ID], [PERMISSION_DESCRIPTION], [METHOD], [URL]) VALUES (214, NULL, N'update request', N'POST', N'/correspondence/actionItems/updateRequest')

INSERT [dbo].[BB_PERMISSION] ([BB_PERMISSION_ID], [BB_ACCESS_CONTROL_ID], [PERMISSION_DESCRIPTION], [METHOD], [URL]) VALUES (215, NULL, N'upload request', N'POST', N'/correspondence/actionItems/uploadRequest')

INSERT [dbo].[BB_PERMISSION] ([BB_PERMISSION_ID], [BB_ACCESS_CONTROL_ID], [PERMISSION_DESCRIPTION], [METHOD], [URL]) VALUES (216, NULL, N'review document', N'GET', N'/correspondence/reviewDocument*')

INSERT [dbo].[BB_PERMISSION] ([BB_PERMISSION_ID], [BB_ACCESS_CONTROL_ID], [PERMISSION_DESCRIPTION], [METHOD], [URL]) VALUES (217, NULL, N'change review document status', N'GET', N'/correspondence/changeReviewDocumentStatus*')

INSERT [dbo].[BB_PERMISSION] ([BB_PERMISSION_ID], [BB_ACCESS_CONTROL_ID], [PERMISSION_DESCRIPTION], [METHOD], [URL]) VALUES (218, NULL, N'reject document', N'GET', N'/correspondence/rejectDocument*')

INSERT [dbo].[BB_PERMISSION] ([BB_PERMISSION_ID], [BB_ACCESS_CONTROL_ID], [PERMISSION_DESCRIPTION], [METHOD], [URL]) VALUES (219, 78, N'Create Correspondence', N'POST', N'/correspondence/add')

INSERT [dbo].[BB_PERMISSION] ([BB_PERMISSION_ID], [BB_ACCESS_CONTROL_ID], [PERMISSION_DESCRIPTION], [METHOD], [URL]) VALUES (220, 81, N'Correspondence Dashboard', N'GET', N'/correspondence/dashboard*')

INSERT [dbo].[BB_PERMISSION] ([BB_PERMISSION_ID], [BB_ACCESS_CONTROL_ID], [PERMISSION_DESCRIPTION], [METHOD], [URL]) VALUES (221, 81, N'Correspondence View active documents', N'POST', N'/correspondence/activeDocuments')

INSERT [dbo].[BB_PERMISSION] ([BB_PERMISSION_ID], [BB_ACCESS_CONTROL_ID], [PERMISSION_DESCRIPTION], [METHOD], [URL]) VALUES (222, 81, N'Inactive document', N'POST', N'/correspondence/inactiveDocuments')

INSERT [dbo].[BB_PERMISSION] ([BB_PERMISSION_ID], [BB_ACCESS_CONTROL_ID], [PERMISSION_DESCRIPTION], [METHOD], [URL]) VALUES (223, 81, N'Active document View', N'GET', N'/correspondence/activeDocuments/viewDoc*')

INSERT [dbo].[BB_PERMISSION] ([BB_PERMISSION_ID], [BB_ACCESS_CONTROL_ID], [PERMISSION_DESCRIPTION], [METHOD], [URL]) VALUES (224, 81, N'view pdf', N'GET', N'/correspondence/viewDocument/viewPdf/*')

INSERT [dbo].[BB_PERMISSION] ([BB_PERMISSION_ID], [BB_ACCESS_CONTROL_ID], [PERMISSION_DESCRIPTION], [METHOD], [URL]) VALUES (225, 81, N'get inactive document', N'GET', N'/correspondence/inactiveDocuments/getInActiveCorrespondences/*')

INSERT [dbo].[BB_PERMISSION] ([BB_PERMISSION_ID], [BB_ACCESS_CONTROL_ID], [PERMISSION_DESCRIPTION], [METHOD], [URL]) VALUES (226, 81, N'get active document', N'GET', N'/correspondence/activeDocuments/getActiveCorrespondences/*')

INSERT [dbo].[BB_PERMISSION] ([BB_PERMISSION_ID], [BB_ACCESS_CONTROL_ID], [PERMISSION_DESCRIPTION], [METHOD], [URL]) VALUES (227, 82, N'Search Correspondence Form', N'GET', N'/correspondence/searchApplicationForm')

INSERT [dbo].[BB_PERMISSION] ([BB_PERMISSION_ID], [BB_ACCESS_CONTROL_ID], [PERMISSION_DESCRIPTION], [METHOD], [URL]) VALUES (228, 82, N'Create Application Request Form', N'GET', N'/correspondence/createApplicationRequestForm*')

INSERT [dbo].[BB_PERMISSION] ([BB_PERMISSION_ID], [BB_ACCESS_CONTROL_ID], [PERMISSION_DESCRIPTION], [METHOD], [URL]) VALUES (229, 82, N'Create Application Correspondence', N'POST', N'/correspondence/createApplication')

INSERT [dbo].[BB_PERMISSION] ([BB_PERMISSION_ID], [BB_ACCESS_CONTROL_ID], [PERMISSION_DESCRIPTION], [METHOD], [URL]) VALUES (230, 82, N'Search Application Correspondence', N'POST', N'/correspondence/searchApplication')

INSERT [dbo].[BB_PERMISSION] ([BB_PERMISSION_ID], [BB_ACCESS_CONTROL_ID], [PERMISSION_DESCRIPTION], [METHOD], [URL]) VALUES (231, 82, N'Create Correspondence', N'POST', N'/correspondence/add')

INSERT [dbo].[BB_PERMISSION] ([BB_PERMISSION_ID], [BB_ACCESS_CONTROL_ID], [PERMISSION_DESCRIPTION], [METHOD], [URL]) VALUES (232, 82, N'Create Application Request', N'POST', N'/correspondence/createApplicationRequest')

INSERT [dbo].[BB_PERMISSION] ([BB_PERMISSION_ID], [BB_ACCESS_CONTROL_ID], [PERMISSION_DESCRIPTION], [METHOD], [URL]) VALUES (233, 83, N'Search Correspondence Form', N'GET', N'/correspondence/searchApplicationForm*')

INSERT [dbo].[BB_PERMISSION] ([BB_PERMISSION_ID], [BB_ACCESS_CONTROL_ID], [PERMISSION_DESCRIPTION], [METHOD], [URL]) VALUES (234, 83, N'Create Application Request Form', N'GET', N'/correspondence/createApplicationRequestForm*')

INSERT [dbo].[BB_PERMISSION] ([BB_PERMISSION_ID], [BB_ACCESS_CONTROL_ID], [PERMISSION_DESCRIPTION], [METHOD], [URL]) VALUES (235, 83, N'Create Application Correspondence', N'POST', N'/correspondence/createApplication')

INSERT [dbo].[BB_PERMISSION] ([BB_PERMISSION_ID], [BB_ACCESS_CONTROL_ID], [PERMISSION_DESCRIPTION], [METHOD], [URL]) VALUES (236, 83, N'Search Application Correspondence', N'POST', N'/correspondence/searchApplication')

INSERT [dbo].[BB_PERMISSION] ([BB_PERMISSION_ID], [BB_ACCESS_CONTROL_ID], [PERMISSION_DESCRIPTION], [METHOD], [URL]) VALUES (237, 83, N'Create Correspondence', N'POST', N'/correspondence/add')

INSERT [dbo].[BB_PERMISSION] ([BB_PERMISSION_ID], [BB_ACCESS_CONTROL_ID], [PERMISSION_DESCRIPTION], [METHOD], [URL]) VALUES (238, 83, N'Create Application Request', N'POST', N'/correspondence/createApplicationRequest')

INSERT [dbo].[BB_PERMISSION] ([BB_PERMISSION_ID], [BB_ACCESS_CONTROL_ID], [PERMISSION_DESCRIPTION], [METHOD], [URL]) VALUES (239, 83, N'Urgent Correspondence', N'POST', N'/correspondence/add/urgent')

INSERT [dbo].[BB_PERMISSION] ([BB_PERMISSION_ID], [BB_ACCESS_CONTROL_ID], [PERMISSION_DESCRIPTION], [METHOD], [URL]) VALUES (240, 84, N'Bulk upload', N'POST', N'/correspondence/uploadFiles')

INSERT [dbo].[BB_PERMISSION] ([BB_PERMISSION_ID], [BB_ACCESS_CONTROL_ID], [PERMISSION_DESCRIPTION], [METHOD], [URL]) VALUES (241, 85, N'Pair audit validate', N'POST', N'/correspondence/pairAudit/validate')

INSERT [dbo].[BB_PERMISSION] ([BB_PERMISSION_ID], [BB_ACCESS_CONTROL_ID], [PERMISSION_DESCRIPTION], [METHOD], [URL]) VALUES (242, 85, N'Pair audit', N'POST', N'/correspondence/pairAudit/upload*')

INSERT [dbo].[BB_PERMISSION] ([BB_PERMISSION_ID], [BB_ACCESS_CONTROL_ID], [PERMISSION_DESCRIPTION], [METHOD], [URL]) VALUES (243, 86, N'Active document delete', N'GET', N'/correspondence/activeDocuments/deleteCorrespondence*')

INSERT [dbo].[BB_PERMISSION] ([BB_PERMISSION_ID], [BB_ACCESS_CONTROL_ID], [PERMISSION_DESCRIPTION], [METHOD], [URL]) VALUES (244, 87, N'action items', N'GET', N'/correspondence/actionItems')

INSERT [dbo].[BB_PERMISSION] ([BB_PERMISSION_ID], [BB_ACCESS_CONTROL_ID], [PERMISSION_DESCRIPTION], [METHOD], [URL]) VALUES (245, 88, N'review document', N'GET', N'/correspondence/reviewDocument*')

INSERT [dbo].[BB_PERMISSION] ([BB_PERMISSION_ID], [BB_ACCESS_CONTROL_ID], [PERMISSION_DESCRIPTION], [METHOD], [URL]) VALUES (246, 88, N'change review document status', N'GET', N'/correspondence/changeReviewDocumentStatus*')

INSERT [dbo].[BB_PERMISSION] ([BB_PERMISSION_ID], [BB_ACCESS_CONTROL_ID], [PERMISSION_DESCRIPTION], [METHOD], [URL]) VALUES (247, 88, N'update request', N'POST', N'/correspondence/actionItems/updateRequest')

INSERT [dbo].[BB_PERMISSION] ([BB_PERMISSION_ID], [BB_ACCESS_CONTROL_ID], [PERMISSION_DESCRIPTION], [METHOD], [URL]) VALUES (248, 88, N'review document view pdf', N'POST', N'/correspondence/reviewDoc/viewPdf/{correspondenceId}')

INSERT [dbo].[BB_PERMISSION] ([BB_PERMISSION_ID], [BB_ACCESS_CONTROL_ID], [PERMISSION_DESCRIPTION], [METHOD], [URL]) VALUES (249, 89, N'upload request', N'POST', N'/correspondence/actionItems/uploadRequest')

INSERT [dbo].[BB_PERMISSION] ([BB_PERMISSION_ID], [BB_ACCESS_CONTROL_ID], [PERMISSION_DESCRIPTION], [METHOD], [URL]) VALUES (250, 89, N'reject document', N'GET', N'/correspondence/rejectDocument*')

INSERT [dbo].[BB_PERMISSION] ([BB_PERMISSION_ID], [BB_ACCESS_CONTROL_ID], [PERMISSION_DESCRIPTION], [METHOD], [URL]) VALUES (251, 90, N'track application', N'GET', N'/correspondence/trackApplication')

INSERT [dbo].[BB_PERMISSION] ([BB_PERMISSION_ID], [BB_ACCESS_CONTROL_ID], [PERMISSION_DESCRIPTION], [METHOD], [URL]) VALUES (252, 90, N'track application my request', N'GET', N'/correspondence/trackApplication/myRequest')

INSERT [dbo].[BB_PERMISSION] ([BB_PERMISSION_ID], [BB_ACCESS_CONTROL_ID], [PERMISSION_DESCRIPTION], [METHOD], [URL]) VALUES (253, 90, N'track application all request', N'POST', N'/correspondence/trackApplication/allRequest')

INSERT [dbo].[BB_PERMISSION] ([BB_PERMISSION_ID], [BB_ACCESS_CONTROL_ID], [PERMISSION_DESCRIPTION], [METHOD], [URL]) VALUES (254, 98, N'MDM -> View Family', N'Get', N'/mdm/viewFamily/{familyId}')

INSERT [dbo].[BB_PERMISSION] ([BB_PERMISSION_ID], [BB_ACCESS_CONTROL_ID], [PERMISSION_DESCRIPTION], [METHOD], [URL]) VALUES (255, 115, N'Reference -> Management', N'GET', N'/reference/management*')

INSERT [dbo].[BB_PERMISSION] ([BB_PERMISSION_ID], [BB_ACCESS_CONTROL_ID], [PERMISSION_DESCRIPTION], [METHOD], [URL]) VALUES (257, 72, N'Reference -> Dasboard -> Add Reference', N'GET', N'/reference/dashboard/addReference*')

INSERT [dbo].[BB_PERMISSION] ([BB_PERMISSION_ID], [BB_ACCESS_CONTROL_ID], [PERMISSION_DESCRIPTION], [METHOD], [URL]) VALUES (258, 72, N'Reference -> ReferenceManagement->PendingReference -> Add Reference', N'GET', N'/reference/management/addRefPending*')

INSERT [dbo].[BB_PERMISSION] ([BB_PERMISSION_ID], [BB_ACCESS_CONTROL_ID], [PERMISSION_DESCRIPTION], [METHOD], [URL]) VALUES (259, 72, N'Reference -> ReferenceManagement->PendingReference -> Add Reference', N'GET', N'/reference/management/addReferenceManualAdd')

INSERT [dbo].[BB_PERMISSION] ([BB_PERMISSION_ID], [BB_ACCESS_CONTROL_ID], [PERMISSION_DESCRIPTION], [METHOD], [URL]) VALUES (260, 25, N'workFlow Notification', N'POST', N'/notification/saveDefaultsRole')

INSERT [dbo].[BB_PERMISSION] ([BB_PERMISSION_ID], [BB_ACCESS_CONTROL_ID], [PERMISSION_DESCRIPTION], [METHOD], [URL]) VALUES (261, 71, N'Reference -> Dashboard -> Reference Entry -> Add Reference', N'POST', N'/reference/dashboard/addNullReference*')

INSERT [dbo].[BB_PERMISSION] ([BB_PERMISSION_ID], [BB_ACCESS_CONTROL_ID], [PERMISSION_DESCRIPTION], [METHOD], [URL]) VALUES (262, 76, N'Reference -> Management -> Pending Records -> Add Reference', N'GET', N'/reference/management/addNullReference*')

SET IDENTITY_INSERT [dbo].[BB_PERMISSION] OFF

INSERT [dbo].[BB_ACCESS_PROFILE_PERMISSION] ([BB_ACCESS_PROFILE_ID], [BB_PERMISSION_ID]) VALUES (1, 1)

INSERT [dbo].[BB_ACCESS_PROFILE_PERMISSION] ([BB_ACCESS_PROFILE_ID], [BB_PERMISSION_ID]) VALUES (1, 3)

INSERT [dbo].[BB_ACCESS_PROFILE_PERMISSION] ([BB_ACCESS_PROFILE_ID], [BB_PERMISSION_ID]) VALUES (1, 5)

INSERT [dbo].[BB_ACCESS_PROFILE_PERMISSION] ([BB_ACCESS_PROFILE_ID], [BB_PERMISSION_ID]) VALUES (1, 6)

INSERT [dbo].[BB_ACCESS_PROFILE_PERMISSION] ([BB_ACCESS_PROFILE_ID], [BB_PERMISSION_ID]) VALUES (1, 7)

INSERT [dbo].[BB_ACCESS_PROFILE_PERMISSION] ([BB_ACCESS_PROFILE_ID], [BB_PERMISSION_ID]) VALUES (1, 8)

INSERT [dbo].[BB_ACCESS_PROFILE_PERMISSION] ([BB_ACCESS_PROFILE_ID], [BB_PERMISSION_ID]) VALUES (1, 9)

INSERT [dbo].[BB_ACCESS_PROFILE_PERMISSION] ([BB_ACCESS_PROFILE_ID], [BB_PERMISSION_ID]) VALUES (1, 10)

INSERT [dbo].[BB_ACCESS_PROFILE_PERMISSION] ([BB_ACCESS_PROFILE_ID], [BB_PERMISSION_ID]) VALUES (1, 11)

INSERT [dbo].[BB_ACCESS_PROFILE_PERMISSION] ([BB_ACCESS_PROFILE_ID], [BB_PERMISSION_ID]) VALUES (1, 12)

INSERT [dbo].[BB_ACCESS_PROFILE_PERMISSION] ([BB_ACCESS_PROFILE_ID], [BB_PERMISSION_ID]) VALUES (1, 13)

INSERT [dbo].[BB_ACCESS_PROFILE_PERMISSION] ([BB_ACCESS_PROFILE_ID], [BB_PERMISSION_ID]) VALUES (1, 14)

INSERT [dbo].[BB_ACCESS_PROFILE_PERMISSION] ([BB_ACCESS_PROFILE_ID], [BB_PERMISSION_ID]) VALUES (1, 15)

INSERT [dbo].[BB_ACCESS_PROFILE_PERMISSION] ([BB_ACCESS_PROFILE_ID], [BB_PERMISSION_ID]) VALUES (1, 16)

INSERT [dbo].[BB_ACCESS_PROFILE_PERMISSION] ([BB_ACCESS_PROFILE_ID], [BB_PERMISSION_ID]) VALUES (1, 17)

INSERT [dbo].[BB_ACCESS_PROFILE_PERMISSION] ([BB_ACCESS_PROFILE_ID], [BB_PERMISSION_ID]) VALUES (1, 18)

INSERT [dbo].[BB_ACCESS_PROFILE_PERMISSION] ([BB_ACCESS_PROFILE_ID], [BB_PERMISSION_ID]) VALUES (1, 19)

INSERT [dbo].[BB_ACCESS_PROFILE_PERMISSION] ([BB_ACCESS_PROFILE_ID], [BB_PERMISSION_ID]) VALUES (1, 20)

INSERT [dbo].[BB_ACCESS_PROFILE_PERMISSION] ([BB_ACCESS_PROFILE_ID], [BB_PERMISSION_ID]) VALUES (1, 23)

INSERT [dbo].[BB_ACCESS_PROFILE_PERMISSION] ([BB_ACCESS_PROFILE_ID], [BB_PERMISSION_ID]) VALUES (1, 24)

INSERT [dbo].[BB_ACCESS_PROFILE_PERMISSION] ([BB_ACCESS_PROFILE_ID], [BB_PERMISSION_ID]) VALUES (1, 25)

INSERT [dbo].[BB_ACCESS_PROFILE_PERMISSION] ([BB_ACCESS_PROFILE_ID], [BB_PERMISSION_ID]) VALUES (1, 26)

INSERT [dbo].[BB_ACCESS_PROFILE_PERMISSION] ([BB_ACCESS_PROFILE_ID], [BB_PERMISSION_ID]) VALUES (1, 27)

INSERT [dbo].[BB_ACCESS_PROFILE_PERMISSION] ([BB_ACCESS_PROFILE_ID], [BB_PERMISSION_ID]) VALUES (1, 28)

INSERT [dbo].[BB_ACCESS_PROFILE_PERMISSION] ([BB_ACCESS_PROFILE_ID], [BB_PERMISSION_ID]) VALUES (1, 29)

INSERT [dbo].[BB_ACCESS_PROFILE_PERMISSION] ([BB_ACCESS_PROFILE_ID], [BB_PERMISSION_ID]) VALUES (1, 30)

INSERT [dbo].[BB_ACCESS_PROFILE_PERMISSION] ([BB_ACCESS_PROFILE_ID], [BB_PERMISSION_ID]) VALUES (1, 31)

INSERT [dbo].[BB_ACCESS_PROFILE_PERMISSION] ([BB_ACCESS_PROFILE_ID], [BB_PERMISSION_ID]) VALUES (1, 32)

INSERT [dbo].[BB_ACCESS_PROFILE_PERMISSION] ([BB_ACCESS_PROFILE_ID], [BB_PERMISSION_ID]) VALUES (1, 33)

INSERT [dbo].[BB_ACCESS_PROFILE_PERMISSION] ([BB_ACCESS_PROFILE_ID], [BB_PERMISSION_ID]) VALUES (1, 36)

INSERT [dbo].[BB_ACCESS_PROFILE_PERMISSION] ([BB_ACCESS_PROFILE_ID], [BB_PERMISSION_ID]) VALUES (1, 37)

INSERT [dbo].[BB_ACCESS_PROFILE_PERMISSION] ([BB_ACCESS_PROFILE_ID], [BB_PERMISSION_ID]) VALUES (1, 38)

INSERT [dbo].[BB_ACCESS_PROFILE_PERMISSION] ([BB_ACCESS_PROFILE_ID], [BB_PERMISSION_ID]) VALUES (1, 39)

INSERT [dbo].[BB_ACCESS_PROFILE_PERMISSION] ([BB_ACCESS_PROFILE_ID], [BB_PERMISSION_ID]) VALUES (1, 40)

INSERT [dbo].[BB_ACCESS_PROFILE_PERMISSION] ([BB_ACCESS_PROFILE_ID], [BB_PERMISSION_ID]) VALUES (1, 41)

INSERT [dbo].[BB_ACCESS_PROFILE_PERMISSION] ([BB_ACCESS_PROFILE_ID], [BB_PERMISSION_ID]) VALUES (1, 43)

INSERT [dbo].[BB_ACCESS_PROFILE_PERMISSION] ([BB_ACCESS_PROFILE_ID], [BB_PERMISSION_ID]) VALUES (1, 44)

INSERT [dbo].[BB_ACCESS_PROFILE_PERMISSION] ([BB_ACCESS_PROFILE_ID], [BB_PERMISSION_ID]) VALUES (1, 45)

INSERT [dbo].[BB_ACCESS_PROFILE_PERMISSION] ([BB_ACCESS_PROFILE_ID], [BB_PERMISSION_ID]) VALUES (1, 46)

INSERT [dbo].[BB_ACCESS_PROFILE_PERMISSION] ([BB_ACCESS_PROFILE_ID], [BB_PERMISSION_ID]) VALUES (1, 47)

INSERT [dbo].[BB_ACCESS_PROFILE_PERMISSION] ([BB_ACCESS_PROFILE_ID], [BB_PERMISSION_ID]) VALUES (1, 48)

INSERT [dbo].[BB_ACCESS_PROFILE_PERMISSION] ([BB_ACCESS_PROFILE_ID], [BB_PERMISSION_ID]) VALUES (1, 49)

INSERT [dbo].[BB_ACCESS_PROFILE_PERMISSION] ([BB_ACCESS_PROFILE_ID], [BB_PERMISSION_ID]) VALUES (1, 50)

INSERT [dbo].[BB_ACCESS_PROFILE_PERMISSION] ([BB_ACCESS_PROFILE_ID], [BB_PERMISSION_ID]) VALUES (1, 51)

INSERT [dbo].[BB_ACCESS_PROFILE_PERMISSION] ([BB_ACCESS_PROFILE_ID], [BB_PERMISSION_ID]) VALUES (2, 1)

INSERT [dbo].[BB_ACCESS_PROFILE_PERMISSION] ([BB_ACCESS_PROFILE_ID], [BB_PERMISSION_ID]) VALUES (2, 3)

INSERT [dbo].[BB_ACCESS_PROFILE_PERMISSION] ([BB_ACCESS_PROFILE_ID], [BB_PERMISSION_ID]) VALUES (2, 5)

INSERT [dbo].[BB_ACCESS_PROFILE_PERMISSION] ([BB_ACCESS_PROFILE_ID], [BB_PERMISSION_ID]) VALUES (2, 6)

INSERT [dbo].[BB_ACCESS_PROFILE_PERMISSION] ([BB_ACCESS_PROFILE_ID], [BB_PERMISSION_ID]) VALUES (2, 7)

INSERT [dbo].[BB_ACCESS_PROFILE_PERMISSION] ([BB_ACCESS_PROFILE_ID], [BB_PERMISSION_ID]) VALUES (2, 8)

INSERT [dbo].[BB_ACCESS_PROFILE_PERMISSION] ([BB_ACCESS_PROFILE_ID], [BB_PERMISSION_ID]) VALUES (2, 9)

INSERT [dbo].[BB_ACCESS_PROFILE_PERMISSION] ([BB_ACCESS_PROFILE_ID], [BB_PERMISSION_ID]) VALUES (2, 10)

INSERT [dbo].[BB_ACCESS_PROFILE_PERMISSION] ([BB_ACCESS_PROFILE_ID], [BB_PERMISSION_ID]) VALUES (2, 11)

INSERT [dbo].[BB_ACCESS_PROFILE_PERMISSION] ([BB_ACCESS_PROFILE_ID], [BB_PERMISSION_ID]) VALUES (2, 12)

INSERT [dbo].[BB_ACCESS_PROFILE_PERMISSION] ([BB_ACCESS_PROFILE_ID], [BB_PERMISSION_ID]) VALUES (2, 13)

INSERT [dbo].[BB_ACCESS_PROFILE_PERMISSION] ([BB_ACCESS_PROFILE_ID], [BB_PERMISSION_ID]) VALUES (2, 14)

INSERT [dbo].[BB_ACCESS_PROFILE_PERMISSION] ([BB_ACCESS_PROFILE_ID], [BB_PERMISSION_ID]) VALUES (2, 15)

INSERT [dbo].[BB_ACCESS_PROFILE_PERMISSION] ([BB_ACCESS_PROFILE_ID], [BB_PERMISSION_ID]) VALUES (2, 16)

INSERT [dbo].[BB_ACCESS_PROFILE_PERMISSION] ([BB_ACCESS_PROFILE_ID], [BB_PERMISSION_ID]) VALUES (2, 17)

INSERT [dbo].[BB_ACCESS_PROFILE_PERMISSION] ([BB_ACCESS_PROFILE_ID], [BB_PERMISSION_ID]) VALUES (2, 18)

INSERT [dbo].[BB_ACCESS_PROFILE_PERMISSION] ([BB_ACCESS_PROFILE_ID], [BB_PERMISSION_ID]) VALUES (2, 19)

INSERT [dbo].[BB_ACCESS_PROFILE_PERMISSION] ([BB_ACCESS_PROFILE_ID], [BB_PERMISSION_ID]) VALUES (2, 20)

INSERT [dbo].[BB_ACCESS_PROFILE_PERMISSION] ([BB_ACCESS_PROFILE_ID], [BB_PERMISSION_ID]) VALUES (2, 23)

INSERT [dbo].[BB_ACCESS_PROFILE_PERMISSION] ([BB_ACCESS_PROFILE_ID], [BB_PERMISSION_ID]) VALUES (2, 24)

INSERT [dbo].[BB_ACCESS_PROFILE_PERMISSION] ([BB_ACCESS_PROFILE_ID], [BB_PERMISSION_ID]) VALUES (2, 25)

INSERT [dbo].[BB_ACCESS_PROFILE_PERMISSION] ([BB_ACCESS_PROFILE_ID], [BB_PERMISSION_ID]) VALUES (2, 26)

INSERT [dbo].[BB_ACCESS_PROFILE_PERMISSION] ([BB_ACCESS_PROFILE_ID], [BB_PERMISSION_ID]) VALUES (2, 27)

INSERT [dbo].[BB_ACCESS_PROFILE_PERMISSION] ([BB_ACCESS_PROFILE_ID], [BB_PERMISSION_ID]) VALUES (2, 28)

INSERT [dbo].[BB_ACCESS_PROFILE_PERMISSION] ([BB_ACCESS_PROFILE_ID], [BB_PERMISSION_ID]) VALUES (2, 29)

INSERT [dbo].[BB_ACCESS_PROFILE_PERMISSION] ([BB_ACCESS_PROFILE_ID], [BB_PERMISSION_ID]) VALUES (2, 30)

INSERT [dbo].[BB_ACCESS_PROFILE_PERMISSION] ([BB_ACCESS_PROFILE_ID], [BB_PERMISSION_ID]) VALUES (2, 31)

INSERT [dbo].[BB_ACCESS_PROFILE_PERMISSION] ([BB_ACCESS_PROFILE_ID], [BB_PERMISSION_ID]) VALUES (2, 32)

INSERT [dbo].[BB_ACCESS_PROFILE_PERMISSION] ([BB_ACCESS_PROFILE_ID], [BB_PERMISSION_ID]) VALUES (2, 33)

INSERT [dbo].[BB_ACCESS_PROFILE_PERMISSION] ([BB_ACCESS_PROFILE_ID], [BB_PERMISSION_ID]) VALUES (2, 36)

INSERT [dbo].[BB_ACCESS_PROFILE_PERMISSION] ([BB_ACCESS_PROFILE_ID], [BB_PERMISSION_ID]) VALUES (2, 37)

INSERT [dbo].[BB_ACCESS_PROFILE_PERMISSION] ([BB_ACCESS_PROFILE_ID], [BB_PERMISSION_ID]) VALUES (2, 38)

INSERT [dbo].[BB_ACCESS_PROFILE_PERMISSION] ([BB_ACCESS_PROFILE_ID], [BB_PERMISSION_ID]) VALUES (2, 39)

INSERT [dbo].[BB_ACCESS_PROFILE_PERMISSION] ([BB_ACCESS_PROFILE_ID], [BB_PERMISSION_ID]) VALUES (2, 40)

INSERT [dbo].[BB_ACCESS_PROFILE_PERMISSION] ([BB_ACCESS_PROFILE_ID], [BB_PERMISSION_ID]) VALUES (2, 41)

INSERT [dbo].[BB_ACCESS_PROFILE_PERMISSION] ([BB_ACCESS_PROFILE_ID], [BB_PERMISSION_ID]) VALUES (2, 43)

INSERT [dbo].[BB_ACCESS_PROFILE_PERMISSION] ([BB_ACCESS_PROFILE_ID], [BB_PERMISSION_ID]) VALUES (2, 44)

INSERT [dbo].[BB_ACCESS_PROFILE_PERMISSION] ([BB_ACCESS_PROFILE_ID], [BB_PERMISSION_ID]) VALUES (2, 45)

INSERT [dbo].[BB_ACCESS_PROFILE_PERMISSION] ([BB_ACCESS_PROFILE_ID], [BB_PERMISSION_ID]) VALUES (2, 46)

INSERT [dbo].[BB_ACCESS_PROFILE_PERMISSION] ([BB_ACCESS_PROFILE_ID], [BB_PERMISSION_ID]) VALUES (2, 47)

INSERT [dbo].[BB_ACCESS_PROFILE_PERMISSION] ([BB_ACCESS_PROFILE_ID], [BB_PERMISSION_ID]) VALUES (2, 48)

INSERT [dbo].[BB_ACCESS_PROFILE_PERMISSION] ([BB_ACCESS_PROFILE_ID], [BB_PERMISSION_ID]) VALUES (2, 49)

INSERT [dbo].[BB_ACCESS_PROFILE_PERMISSION] ([BB_ACCESS_PROFILE_ID], [BB_PERMISSION_ID]) VALUES (2, 50)

INSERT [dbo].[BB_ACCESS_PROFILE_PERMISSION] ([BB_ACCESS_PROFILE_ID], [BB_PERMISSION_ID]) VALUES (2, 51)

INSERT [dbo].[BB_ACCESS_PROFILE_PERMISSION] ([BB_ACCESS_PROFILE_ID], [BB_PERMISSION_ID]) VALUES (2, 54)

INSERT [dbo].[BB_ACCESS_PROFILE_PERMISSION] ([BB_ACCESS_PROFILE_ID], [BB_PERMISSION_ID]) VALUES (2, 55)

INSERT [dbo].[BB_ACCESS_PROFILE_PERMISSION] ([BB_ACCESS_PROFILE_ID], [BB_PERMISSION_ID]) VALUES (2, 61)

INSERT [dbo].[BB_ACCESS_PROFILE_PERMISSION] ([BB_ACCESS_PROFILE_ID], [BB_PERMISSION_ID]) VALUES (2, 65)

INSERT [dbo].[BB_ACCESS_PROFILE_PERMISSION] ([BB_ACCESS_PROFILE_ID], [BB_PERMISSION_ID]) VALUES (2, 68)

INSERT [dbo].[BB_ACCESS_PROFILE_PERMISSION] ([BB_ACCESS_PROFILE_ID], [BB_PERMISSION_ID]) VALUES (2, 69)

INSERT [dbo].[BB_ACCESS_PROFILE_PERMISSION] ([BB_ACCESS_PROFILE_ID], [BB_PERMISSION_ID]) VALUES (2, 70)

INSERT [dbo].[BB_ACCESS_PROFILE_PERMISSION] ([BB_ACCESS_PROFILE_ID], [BB_PERMISSION_ID]) VALUES (2, 71)

INSERT [dbo].[BB_ACCESS_PROFILE_PERMISSION] ([BB_ACCESS_PROFILE_ID], [BB_PERMISSION_ID]) VALUES (2, 72)

INSERT [dbo].[BB_ACCESS_PROFILE_PERMISSION] ([BB_ACCESS_PROFILE_ID], [BB_PERMISSION_ID]) VALUES (2, 73)

INSERT [dbo].[BB_ACCESS_PROFILE_PERMISSION] ([BB_ACCESS_PROFILE_ID], [BB_PERMISSION_ID]) VALUES (2, 74)

INSERT [dbo].[BB_ACCESS_PROFILE_PERMISSION] ([BB_ACCESS_PROFILE_ID], [BB_PERMISSION_ID]) VALUES (2, 87)

INSERT [dbo].[BB_ACCESS_PROFILE_PERMISSION] ([BB_ACCESS_PROFILE_ID], [BB_PERMISSION_ID]) VALUES (2, 93)

INSERT [dbo].[BB_ACCESS_PROFILE_PERMISSION] ([BB_ACCESS_PROFILE_ID], [BB_PERMISSION_ID]) VALUES (2, 94)

INSERT [dbo].[BB_ACCESS_PROFILE_PERMISSION] ([BB_ACCESS_PROFILE_ID], [BB_PERMISSION_ID]) VALUES (2, 101)

INSERT [dbo].[BB_ACCESS_PROFILE_PERMISSION] ([BB_ACCESS_PROFILE_ID], [BB_PERMISSION_ID]) VALUES (2, 104)

INSERT [dbo].[BB_ACCESS_PROFILE_PERMISSION] ([BB_ACCESS_PROFILE_ID], [BB_PERMISSION_ID]) VALUES (2, 105)

INSERT [dbo].[BB_ACCESS_PROFILE_PERMISSION] ([BB_ACCESS_PROFILE_ID], [BB_PERMISSION_ID]) VALUES (2, 107)

INSERT [dbo].[BB_ACCESS_PROFILE_PERMISSION] ([BB_ACCESS_PROFILE_ID], [BB_PERMISSION_ID]) VALUES (2, 108)

INSERT [dbo].[BB_ACCESS_PROFILE_PERMISSION] ([BB_ACCESS_PROFILE_ID], [BB_PERMISSION_ID]) VALUES (2, 109)

INSERT [dbo].[BB_ACCESS_PROFILE_PERMISSION] ([BB_ACCESS_PROFILE_ID], [BB_PERMISSION_ID]) VALUES (2, 111)

INSERT [dbo].[BB_ACCESS_PROFILE_PERMISSION] ([BB_ACCESS_PROFILE_ID], [BB_PERMISSION_ID]) VALUES (2, 120)

INSERT [dbo].[BB_ACCESS_PROFILE_PERMISSION] ([BB_ACCESS_PROFILE_ID], [BB_PERMISSION_ID]) VALUES (2, 161)

INSERT [dbo].[BB_ACCESS_PROFILE_PERMISSION] ([BB_ACCESS_PROFILE_ID], [BB_PERMISSION_ID]) VALUES (2, 162)

INSERT [dbo].[BB_ACCESS_PROFILE_PERMISSION] ([BB_ACCESS_PROFILE_ID], [BB_PERMISSION_ID]) VALUES (2, 163)

INSERT [dbo].[BB_ACCESS_PROFILE_PERMISSION] ([BB_ACCESS_PROFILE_ID], [BB_PERMISSION_ID]) VALUES (2, 164)

INSERT [dbo].[BB_ACCESS_PROFILE_PERMISSION] ([BB_ACCESS_PROFILE_ID], [BB_PERMISSION_ID]) VALUES (2, 165)

INSERT [dbo].[BB_ACCESS_PROFILE_PERMISSION] ([BB_ACCESS_PROFILE_ID], [BB_PERMISSION_ID]) VALUES (2, 166)

INSERT [dbo].[BB_ACCESS_PROFILE_PERMISSION] ([BB_ACCESS_PROFILE_ID], [BB_PERMISSION_ID]) VALUES (2, 167)

INSERT [dbo].[BB_ACCESS_PROFILE_PERMISSION] ([BB_ACCESS_PROFILE_ID], [BB_PERMISSION_ID]) VALUES (2, 168)

INSERT [dbo].[BB_ACCESS_PROFILE_PERMISSION] ([BB_ACCESS_PROFILE_ID], [BB_PERMISSION_ID]) VALUES (2, 169)

INSERT [dbo].[BB_ACCESS_PROFILE_PERMISSION] ([BB_ACCESS_PROFILE_ID], [BB_PERMISSION_ID]) VALUES (2, 170)

INSERT [dbo].[BB_ACCESS_PROFILE_PERMISSION] ([BB_ACCESS_PROFILE_ID], [BB_PERMISSION_ID]) VALUES (2, 171)

INSERT [dbo].[BB_ACCESS_PROFILE_PERMISSION] ([BB_ACCESS_PROFILE_ID], [BB_PERMISSION_ID]) VALUES (2, 172)

INSERT [dbo].[BB_ACCESS_PROFILE_PERMISSION] ([BB_ACCESS_PROFILE_ID], [BB_PERMISSION_ID]) VALUES (2, 173)

INSERT [dbo].[BB_ACCESS_PROFILE_PERMISSION] ([BB_ACCESS_PROFILE_ID], [BB_PERMISSION_ID]) VALUES (2, 174)

INSERT [dbo].[BB_ACCESS_PROFILE_PERMISSION] ([BB_ACCESS_PROFILE_ID], [BB_PERMISSION_ID]) VALUES (2, 175)

INSERT [dbo].[BB_ACCESS_PROFILE_PERMISSION] ([BB_ACCESS_PROFILE_ID], [BB_PERMISSION_ID]) VALUES (2, 176)

INSERT [dbo].[BB_ACCESS_PROFILE_PERMISSION] ([BB_ACCESS_PROFILE_ID], [BB_PERMISSION_ID]) VALUES (2, 177)

INSERT [dbo].[BB_ACCESS_PROFILE_PERMISSION] ([BB_ACCESS_PROFILE_ID], [BB_PERMISSION_ID]) VALUES (2, 178)

INSERT [dbo].[BB_ACCESS_PROFILE_PERMISSION] ([BB_ACCESS_PROFILE_ID], [BB_PERMISSION_ID]) VALUES (2, 179)

INSERT [dbo].[BB_ACCESS_PROFILE_PERMISSION] ([BB_ACCESS_PROFILE_ID], [BB_PERMISSION_ID]) VALUES (2, 180)

INSERT [dbo].[BB_ACCESS_PROFILE_PERMISSION] ([BB_ACCESS_PROFILE_ID], [BB_PERMISSION_ID]) VALUES (2, 181)

INSERT [dbo].[BB_ACCESS_PROFILE_PERMISSION] ([BB_ACCESS_PROFILE_ID], [BB_PERMISSION_ID]) VALUES (2, 182)

INSERT [dbo].[BB_ACCESS_PROFILE_PERMISSION] ([BB_ACCESS_PROFILE_ID], [BB_PERMISSION_ID]) VALUES (2, 183)

INSERT [dbo].[BB_ACCESS_PROFILE_PERMISSION] ([BB_ACCESS_PROFILE_ID], [BB_PERMISSION_ID]) VALUES (2, 184)

INSERT [dbo].[BB_ACCESS_PROFILE_PERMISSION] ([BB_ACCESS_PROFILE_ID], [BB_PERMISSION_ID]) VALUES (2, 185)

INSERT [dbo].[BB_ACCESS_PROFILE_PERMISSION] ([BB_ACCESS_PROFILE_ID], [BB_PERMISSION_ID]) VALUES (2, 186)

INSERT [dbo].[BB_ACCESS_PROFILE_PERMISSION] ([BB_ACCESS_PROFILE_ID], [BB_PERMISSION_ID]) VALUES (2, 187)

INSERT [dbo].[BB_ACCESS_PROFILE_PERMISSION] ([BB_ACCESS_PROFILE_ID], [BB_PERMISSION_ID]) VALUES (2, 188)

INSERT [dbo].[BB_ACCESS_PROFILE_PERMISSION] ([BB_ACCESS_PROFILE_ID], [BB_PERMISSION_ID]) VALUES (2, 189)

INSERT [dbo].[BB_ACCESS_PROFILE_PERMISSION] ([BB_ACCESS_PROFILE_ID], [BB_PERMISSION_ID]) VALUES (2, 190)

INSERT [dbo].[BB_ACCESS_PROFILE_PERMISSION] ([BB_ACCESS_PROFILE_ID], [BB_PERMISSION_ID]) VALUES (2, 191)

INSERT [dbo].[BB_ACCESS_PROFILE_PERMISSION] ([BB_ACCESS_PROFILE_ID], [BB_PERMISSION_ID]) VALUES (2, 192)

INSERT [dbo].[BB_ACCESS_PROFILE_PERMISSION] ([BB_ACCESS_PROFILE_ID], [BB_PERMISSION_ID]) VALUES (2, 193)

INSERT [dbo].[BB_ACCESS_PROFILE_PERMISSION] ([BB_ACCESS_PROFILE_ID], [BB_PERMISSION_ID]) VALUES (2, 194)

INSERT [dbo].[BB_ACCESS_PROFILE_PERMISSION] ([BB_ACCESS_PROFILE_ID], [BB_PERMISSION_ID]) VALUES (2, 195)

INSERT [dbo].[BB_ACCESS_PROFILE_PERMISSION] ([BB_ACCESS_PROFILE_ID], [BB_PERMISSION_ID]) VALUES (2, 220)

INSERT [dbo].[BB_ACCESS_PROFILE_PERMISSION] ([BB_ACCESS_PROFILE_ID], [BB_PERMISSION_ID]) VALUES (2, 221)

INSERT [dbo].[BB_ACCESS_PROFILE_PERMISSION] ([BB_ACCESS_PROFILE_ID], [BB_PERMISSION_ID]) VALUES (2, 222)

INSERT [dbo].[BB_ACCESS_PROFILE_PERMISSION] ([BB_ACCESS_PROFILE_ID], [BB_PERMISSION_ID]) VALUES (2, 223)

INSERT [dbo].[BB_ACCESS_PROFILE_PERMISSION] ([BB_ACCESS_PROFILE_ID], [BB_PERMISSION_ID]) VALUES (2, 224)

INSERT [dbo].[BB_ACCESS_PROFILE_PERMISSION] ([BB_ACCESS_PROFILE_ID], [BB_PERMISSION_ID]) VALUES (2, 225)

INSERT [dbo].[BB_ACCESS_PROFILE_PERMISSION] ([BB_ACCESS_PROFILE_ID], [BB_PERMISSION_ID]) VALUES (2, 226)

INSERT [dbo].[BB_ACCESS_PROFILE_PERMISSION] ([BB_ACCESS_PROFILE_ID], [BB_PERMISSION_ID]) VALUES (2, 227)

INSERT [dbo].[BB_ACCESS_PROFILE_PERMISSION] ([BB_ACCESS_PROFILE_ID], [BB_PERMISSION_ID]) VALUES (2, 228)

INSERT [dbo].[BB_ACCESS_PROFILE_PERMISSION] ([BB_ACCESS_PROFILE_ID], [BB_PERMISSION_ID]) VALUES (2, 229)

INSERT [dbo].[BB_ACCESS_PROFILE_PERMISSION] ([BB_ACCESS_PROFILE_ID], [BB_PERMISSION_ID]) VALUES (2, 230)

INSERT [dbo].[BB_ACCESS_PROFILE_PERMISSION] ([BB_ACCESS_PROFILE_ID], [BB_PERMISSION_ID]) VALUES (2, 231)

INSERT [dbo].[BB_ACCESS_PROFILE_PERMISSION] ([BB_ACCESS_PROFILE_ID], [BB_PERMISSION_ID]) VALUES (2, 232)

INSERT [dbo].[BB_ACCESS_PROFILE_PERMISSION] ([BB_ACCESS_PROFILE_ID], [BB_PERMISSION_ID]) VALUES (2, 233)

INSERT [dbo].[BB_ACCESS_PROFILE_PERMISSION] ([BB_ACCESS_PROFILE_ID], [BB_PERMISSION_ID]) VALUES (2, 234)

INSERT [dbo].[BB_ACCESS_PROFILE_PERMISSION] ([BB_ACCESS_PROFILE_ID], [BB_PERMISSION_ID]) VALUES (2, 235)

INSERT [dbo].[BB_ACCESS_PROFILE_PERMISSION] ([BB_ACCESS_PROFILE_ID], [BB_PERMISSION_ID]) VALUES (2, 236)

INSERT [dbo].[BB_ACCESS_PROFILE_PERMISSION] ([BB_ACCESS_PROFILE_ID], [BB_PERMISSION_ID]) VALUES (2, 237)

INSERT [dbo].[BB_ACCESS_PROFILE_PERMISSION] ([BB_ACCESS_PROFILE_ID], [BB_PERMISSION_ID]) VALUES (2, 238)

INSERT [dbo].[BB_ACCESS_PROFILE_PERMISSION] ([BB_ACCESS_PROFILE_ID], [BB_PERMISSION_ID]) VALUES (2, 239)

INSERT [dbo].[BB_ACCESS_PROFILE_PERMISSION] ([BB_ACCESS_PROFILE_ID], [BB_PERMISSION_ID]) VALUES (2, 240)

INSERT [dbo].[BB_ACCESS_PROFILE_PERMISSION] ([BB_ACCESS_PROFILE_ID], [BB_PERMISSION_ID]) VALUES (2, 241)

INSERT [dbo].[BB_ACCESS_PROFILE_PERMISSION] ([BB_ACCESS_PROFILE_ID], [BB_PERMISSION_ID]) VALUES (2, 242)

INSERT [dbo].[BB_ACCESS_PROFILE_PERMISSION] ([BB_ACCESS_PROFILE_ID], [BB_PERMISSION_ID]) VALUES (2, 243)

INSERT [dbo].[BB_ACCESS_PROFILE_PERMISSION] ([BB_ACCESS_PROFILE_ID], [BB_PERMISSION_ID]) VALUES (2, 244)

INSERT [dbo].[BB_ACCESS_PROFILE_PERMISSION] ([BB_ACCESS_PROFILE_ID], [BB_PERMISSION_ID]) VALUES (2, 245)

INSERT [dbo].[BB_ACCESS_PROFILE_PERMISSION] ([BB_ACCESS_PROFILE_ID], [BB_PERMISSION_ID]) VALUES (2, 246)

INSERT [dbo].[BB_ACCESS_PROFILE_PERMISSION] ([BB_ACCESS_PROFILE_ID], [BB_PERMISSION_ID]) VALUES (2, 247)

INSERT [dbo].[BB_ACCESS_PROFILE_PERMISSION] ([BB_ACCESS_PROFILE_ID], [BB_PERMISSION_ID]) VALUES (2, 248)

INSERT [dbo].[BB_ACCESS_PROFILE_PERMISSION] ([BB_ACCESS_PROFILE_ID], [BB_PERMISSION_ID]) VALUES (2, 249)

INSERT [dbo].[BB_ACCESS_PROFILE_PERMISSION] ([BB_ACCESS_PROFILE_ID], [BB_PERMISSION_ID]) VALUES (2, 250)

INSERT [dbo].[BB_ACCESS_PROFILE_PERMISSION] ([BB_ACCESS_PROFILE_ID], [BB_PERMISSION_ID]) VALUES (2, 251)

INSERT [dbo].[BB_ACCESS_PROFILE_PERMISSION] ([BB_ACCESS_PROFILE_ID], [BB_PERMISSION_ID]) VALUES (2, 252)

INSERT [dbo].[BB_ACCESS_PROFILE_PERMISSION] ([BB_ACCESS_PROFILE_ID], [BB_PERMISSION_ID]) VALUES (2, 253)

INSERT [dbo].[BB_ACCESS_PROFILE_PERMISSION] ([BB_ACCESS_PROFILE_ID], [BB_PERMISSION_ID]) VALUES (2, 254)

INSERT [dbo].[BB_ACCESS_PROFILE_PERMISSION] ([BB_ACCESS_PROFILE_ID], [BB_PERMISSION_ID]) VALUES (2, 255)

INSERT [dbo].[BB_ACCESS_PROFILE_PERMISSION] ([BB_ACCESS_PROFILE_ID], [BB_PERMISSION_ID]) VALUES (2, 257)

INSERT [dbo].[BB_ACCESS_PROFILE_PERMISSION] ([BB_ACCESS_PROFILE_ID], [BB_PERMISSION_ID]) VALUES (2, 258)

INSERT [dbo].[BB_ACCESS_PROFILE_PERMISSION] ([BB_ACCESS_PROFILE_ID], [BB_PERMISSION_ID]) VALUES (2, 259)

INSERT [dbo].[BB_ACCESS_PROFILE_PERMISSION] ([BB_ACCESS_PROFILE_ID], [BB_PERMISSION_ID]) VALUES (2, 260)

INSERT [dbo].[BB_ACCESS_PROFILE_PERMISSION] ([BB_ACCESS_PROFILE_ID], [BB_PERMISSION_ID]) VALUES (2, 261)

INSERT [dbo].[BB_ACCESS_PROFILE_PERMISSION] ([BB_ACCESS_PROFILE_ID], [BB_PERMISSION_ID]) VALUES (2, 262)





SET IDENTITY_INSERT [dbo].[BB_NATIONALITY] ON 


INSERT [dbo].[BB_NATIONALITY] ([BB_NATIONALITY_ID], [NATIONALITY_VALUE]) VALUES (1, N'US NATIONAL ')

INSERT [dbo].[BB_NATIONALITY] ([BB_NATIONALITY_ID], [NATIONALITY_VALUE]) VALUES (2, N'US GREEN CARD HOLDER')

INSERT [dbo].[BB_NATIONALITY] ([BB_NATIONALITY_ID], [NATIONALITY_VALUE]) VALUES (3, N'Others')

SET IDENTITY_INSERT [dbo].[BB_NATIONALITY] OFF

SET IDENTITY_INSERT [dbo].[BB_PERSON] ON 


INSERT [dbo].[BB_PERSON] ([BB_PERSON_ID], [EMAIL], [EMPLOYEE_ID], [FIRST_NAME], [LAST_NAME], [MIDDLE_NAME], [TITLE], [BB_NATIONALITY_ID]) VALUES (-1, N'bb@blaxkbox.com', N'1', N'System', N'System', N'', N'Mr', 1)

INSERT [dbo].[BB_PERSON] ([BB_PERSON_ID], [EMAIL], [EMPLOYEE_ID], [FIRST_NAME], [LAST_NAME], [MIDDLE_NAME], [TITLE], [BB_NATIONALITY_ID]) VALUES (1, N'test@test.com', N'1', N'F_Name', N'L_Name', N'', N'Mr', 1)

INSERT [dbo].[BB_PERSON] ([BB_PERSON_ID], [EMAIL], [EMPLOYEE_ID], [FIRST_NAME], [LAST_NAME], [MIDDLE_NAME], [TITLE], [BB_NATIONALITY_ID]) VALUES (2, N'test@blackbox.com', NULL, N'BlackboxF', N'BlackboxL', NULL, NULL, 1)

SET IDENTITY_INSERT [dbo].[BB_PERSON] OFF

INSERT [dbo].[BB_USER_PERSON] ([BB_PERSON_ID], [BB_USER_ID]) VALUES (-1, -1)

INSERT [dbo].[BB_USER_PERSON] ([BB_PERSON_ID], [BB_USER_ID]) VALUES (1, 1)

INSERT [dbo].[BB_USER_PERSON] ([BB_PERSON_ID], [BB_USER_ID]) VALUES (2, 2)

INSERT [dbo].[BB_ROLE_ASSIGNEE] ([BB_ROLE_ID], [BB_ASSIGNEE_ID]) VALUES (1, -1)

INSERT [dbo].[BB_ROLE_ASSIGNEE] ([BB_ROLE_ID], [BB_ASSIGNEE_ID]) VALUES (1, 1)

INSERT [dbo].[BB_ROLE_ASSIGNEE] ([BB_ROLE_ID], [BB_ASSIGNEE_ID]) VALUES (1, 2)

INSERT [dbo].[BB_ROLE_ASSIGNEE] ([BB_ROLE_ID], [BB_ASSIGNEE_ID]) VALUES (2, -1)

INSERT [dbo].[BB_ROLE_ASSIGNEE] ([BB_ROLE_ID], [BB_ASSIGNEE_ID]) VALUES (2, 1)

INSERT [dbo].[BB_ROLE_ASSIGNEE] ([BB_ROLE_ID], [BB_ASSIGNEE_ID]) VALUES (2, 2)

INSERT [dbo].[BB_ROLE_ASSIGNEE] ([BB_ROLE_ID], [BB_ASSIGNEE_ID]) VALUES (3, -1)

INSERT [dbo].[BB_ROLE_ASSIGNEE] ([BB_ROLE_ID], [BB_ASSIGNEE_ID]) VALUES (3, 1)

INSERT [dbo].[BB_ROLE_ASSIGNEE] ([BB_ROLE_ID], [BB_ASSIGNEE_ID]) VALUES (3, 2)

INSERT [dbo].[BB_ROLE_CUSTOMER] ([BB_ROLE_ID], [BB_CUSTOMER_ID]) VALUES (1, 1)

INSERT [dbo].[BB_ROLE_CUSTOMER] ([BB_ROLE_ID], [BB_CUSTOMER_ID]) VALUES (2, -1)

INSERT [dbo].[BB_ROLE_CUSTOMER] ([BB_ROLE_ID], [BB_CUSTOMER_ID]) VALUES (2, 1)

INSERT [dbo].[BB_ROLE_CUSTOMER] ([BB_ROLE_ID], [BB_CUSTOMER_ID]) VALUES (2, 2)

INSERT [dbo].[BB_ROLE_CUSTOMER] ([BB_ROLE_ID], [BB_CUSTOMER_ID]) VALUES (2, 3)

INSERT [dbo].[BB_ROLE_CUSTOMER] ([BB_ROLE_ID], [BB_CUSTOMER_ID]) VALUES (2, 4)

INSERT [dbo].[BB_ROLE_CUSTOMER] ([BB_ROLE_ID], [BB_CUSTOMER_ID]) VALUES (2, 5)

INSERT [dbo].[BB_ROLE_CUSTOMER] ([BB_ROLE_ID], [BB_CUSTOMER_ID]) VALUES (2, 6)

INSERT [dbo].[BB_ROLE_CUSTOMER] ([BB_ROLE_ID], [BB_CUSTOMER_ID]) VALUES (3, -1)

INSERT [dbo].[BB_ROLE_CUSTOMER] ([BB_ROLE_ID], [BB_CUSTOMER_ID]) VALUES (3, 1)

INSERT [dbo].[BB_ROLE_CUSTOMER] ([BB_ROLE_ID], [BB_CUSTOMER_ID]) VALUES (3, 2)

INSERT [dbo].[BB_ROLE_CUSTOMER] ([BB_ROLE_ID], [BB_CUSTOMER_ID]) VALUES (3, 3)

INSERT [dbo].[BB_ROLE_CUSTOMER] ([BB_ROLE_ID], [BB_CUSTOMER_ID]) VALUES (3, 4)

INSERT [dbo].[BB_ROLE_CUSTOMER] ([BB_ROLE_ID], [BB_CUSTOMER_ID]) VALUES (3, 5)

INSERT [dbo].[BB_ROLE_CUSTOMER] ([BB_ROLE_ID], [BB_CUSTOMER_ID]) VALUES (3, 6)

INSERT [dbo].[BB_ROLE_JURISDICTION] ([BB_ROLE_ID], [BB_JURISDICTION_ID]) VALUES (1, 1)

INSERT [dbo].[BB_ROLE_JURISDICTION] ([BB_ROLE_ID], [BB_JURISDICTION_ID]) VALUES (2, 1)

INSERT [dbo].[BB_ROLE_JURISDICTION] ([BB_ROLE_ID], [BB_JURISDICTION_ID]) VALUES (2, 2)

INSERT [dbo].[BB_ROLE_JURISDICTION] ([BB_ROLE_ID], [BB_JURISDICTION_ID]) VALUES (2, 3)

INSERT [dbo].[BB_ROLE_JURISDICTION] ([BB_ROLE_ID], [BB_JURISDICTION_ID]) VALUES (3, 1)

INSERT [dbo].[BB_ROLE_JURISDICTION] ([BB_ROLE_ID], [BB_JURISDICTION_ID]) VALUES (3, 2)

INSERT [dbo].[BB_ROLE_JURISDICTION] ([BB_ROLE_ID], [BB_JURISDICTION_ID]) VALUES (3, 3)

INSERT [dbo].[BB_ROLE_TECHNOLOGY_GROUP] ([BB_ROLE_ID], [BB_TECHNOLOGY_GROUP_ID]) VALUES (1, -1)

INSERT [dbo].[BB_ROLE_TECHNOLOGY_GROUP] ([BB_ROLE_ID], [BB_TECHNOLOGY_GROUP_ID]) VALUES (2, -1)

INSERT [dbo].[BB_ROLE_TECHNOLOGY_GROUP] ([BB_ROLE_ID], [BB_TECHNOLOGY_GROUP_ID]) VALUES (3, -1)

INSERT [dbo].[BB_USER_ROLE] ([BB_USER_ID], [BB_ROLE_ID]) VALUES (1, 1)

INSERT [dbo].[BB_USER_ROLE] ([BB_USER_ID], [BB_ROLE_ID]) VALUES (2, 2)

INSERT [dbo].[BB_USER_ROLE] ([BB_USER_ID], [BB_ROLE_ID]) VALUES (2, 1)

SET IDENTITY_INSERT [dbo].[BB_NOTIFICATION_DEFAULT_ROLE] ON 


INSERT [dbo].[BB_NOTIFICATION_DEFAULT_ROLE] ([BB_NOTIFICATION_DEFAULT_ROLE_ID], [BB_NOTIFICATION_ID], [BB_ROLE_ID]) VALUES (1, 13, 2)

INSERT [dbo].[BB_NOTIFICATION_DEFAULT_ROLE] ([BB_NOTIFICATION_DEFAULT_ROLE_ID], [BB_NOTIFICATION_ID], [BB_ROLE_ID]) VALUES (2, 13, 1)

INSERT [dbo].[BB_NOTIFICATION_DEFAULT_ROLE] ([BB_NOTIFICATION_DEFAULT_ROLE_ID], [BB_NOTIFICATION_ID], [BB_ROLE_ID]) VALUES (3, 14, 1)

INSERT [dbo].[BB_NOTIFICATION_DEFAULT_ROLE] ([BB_NOTIFICATION_DEFAULT_ROLE_ID], [BB_NOTIFICATION_ID], [BB_ROLE_ID]) VALUES (4, 14, 2)

INSERT [dbo].[BB_NOTIFICATION_DEFAULT_ROLE] ([BB_NOTIFICATION_DEFAULT_ROLE_ID], [BB_NOTIFICATION_ID], [BB_ROLE_ID]) VALUES (5, 15, 1)

INSERT [dbo].[BB_NOTIFICATION_DEFAULT_ROLE] ([BB_NOTIFICATION_DEFAULT_ROLE_ID], [BB_NOTIFICATION_ID], [BB_ROLE_ID]) VALUES (6, 15, 2)

INSERT [dbo].[BB_NOTIFICATION_DEFAULT_ROLE] ([BB_NOTIFICATION_DEFAULT_ROLE_ID], [BB_NOTIFICATION_ID], [BB_ROLE_ID]) VALUES (7, 17, 2)

INSERT [dbo].[BB_NOTIFICATION_DEFAULT_ROLE] ([BB_NOTIFICATION_DEFAULT_ROLE_ID], [BB_NOTIFICATION_ID], [BB_ROLE_ID]) VALUES (8, 17, 1)

INSERT [dbo].[BB_NOTIFICATION_DEFAULT_ROLE] ([BB_NOTIFICATION_DEFAULT_ROLE_ID], [BB_NOTIFICATION_ID], [BB_ROLE_ID]) VALUES (9, 19, 1)

INSERT [dbo].[BB_NOTIFICATION_DEFAULT_ROLE] ([BB_NOTIFICATION_DEFAULT_ROLE_ID], [BB_NOTIFICATION_ID], [BB_ROLE_ID]) VALUES (10, 19, 2)

INSERT [dbo].[BB_NOTIFICATION_DEFAULT_ROLE] ([BB_NOTIFICATION_DEFAULT_ROLE_ID], [BB_NOTIFICATION_ID], [BB_ROLE_ID]) VALUES (11, 20, 1)

INSERT [dbo].[BB_NOTIFICATION_DEFAULT_ROLE] ([BB_NOTIFICATION_DEFAULT_ROLE_ID], [BB_NOTIFICATION_ID], [BB_ROLE_ID]) VALUES (12, 20, 2)

INSERT [dbo].[BB_NOTIFICATION_DEFAULT_ROLE] ([BB_NOTIFICATION_DEFAULT_ROLE_ID], [BB_NOTIFICATION_ID], [BB_ROLE_ID]) VALUES (13, NULL, 2)

INSERT [dbo].[BB_NOTIFICATION_DEFAULT_ROLE] ([BB_NOTIFICATION_DEFAULT_ROLE_ID], [BB_NOTIFICATION_ID], [BB_ROLE_ID]) VALUES (14, NULL, 1)

INSERT [dbo].[BB_NOTIFICATION_DEFAULT_ROLE] ([BB_NOTIFICATION_DEFAULT_ROLE_ID], [BB_NOTIFICATION_ID], [BB_ROLE_ID]) VALUES (15, 22, 1)

INSERT [dbo].[BB_NOTIFICATION_DEFAULT_ROLE] ([BB_NOTIFICATION_DEFAULT_ROLE_ID], [BB_NOTIFICATION_ID], [BB_ROLE_ID]) VALUES (16, 22, 2)

INSERT [dbo].[BB_NOTIFICATION_DEFAULT_ROLE] ([BB_NOTIFICATION_DEFAULT_ROLE_ID], [BB_NOTIFICATION_ID], [BB_ROLE_ID]) VALUES (17, 23, 2)

INSERT [dbo].[BB_NOTIFICATION_DEFAULT_ROLE] ([BB_NOTIFICATION_DEFAULT_ROLE_ID], [BB_NOTIFICATION_ID], [BB_ROLE_ID]) VALUES (18, 23, 1)

INSERT [dbo].[BB_NOTIFICATION_DEFAULT_ROLE] ([BB_NOTIFICATION_DEFAULT_ROLE_ID], [BB_NOTIFICATION_ID], [BB_ROLE_ID]) VALUES (19, 24, 1)

INSERT [dbo].[BB_NOTIFICATION_DEFAULT_ROLE] ([BB_NOTIFICATION_DEFAULT_ROLE_ID], [BB_NOTIFICATION_ID], [BB_ROLE_ID]) VALUES (20, 24, 2)

INSERT [dbo].[BB_NOTIFICATION_DEFAULT_ROLE] ([BB_NOTIFICATION_DEFAULT_ROLE_ID], [BB_NOTIFICATION_ID], [BB_ROLE_ID]) VALUES (21, 25, 1)

INSERT [dbo].[BB_NOTIFICATION_DEFAULT_ROLE] ([BB_NOTIFICATION_DEFAULT_ROLE_ID], [BB_NOTIFICATION_ID], [BB_ROLE_ID]) VALUES (22, 25, 2)

SET IDENTITY_INSERT [dbo].[BB_NOTIFICATION_DEFAULT_ROLE] OFF

SET IDENTITY_INSERT [dbo].[BB_NOTIFICATION_BUSINESS_RULE] ON 


INSERT [dbo].[BB_NOTIFICATION_BUSINESS_RULE] ([BB_NOTIFICATION_BUSINESS_RULE_ID], [BB_NOTIFICATION_ID]) VALUES (1, 16)

INSERT [dbo].[BB_NOTIFICATION_BUSINESS_RULE] ([BB_NOTIFICATION_BUSINESS_RULE_ID], [BB_NOTIFICATION_ID]) VALUES (2, 18)

INSERT [dbo].[BB_NOTIFICATION_BUSINESS_RULE] ([BB_NOTIFICATION_BUSINESS_RULE_ID], [BB_NOTIFICATION_ID]) VALUES (3, 22)

SET IDENTITY_INSERT [dbo].[BB_NOTIFICATION_BUSINESS_RULE] OFF

SET IDENTITY_INSERT [dbo].[BB_NOTIFICATION_BUSINESS_RULE_LEVEL] ON 


INSERT [dbo].[BB_NOTIFICATION_BUSINESS_RULE_LEVEL] ([BB_NOTIFICATION_BUSINESS_RULE_LEVEL_ID], [LEVEL_NUMBER], [BB_NOTIFICATION_BUSINESS_RULE_ID]) VALUES (1, 1, 1)

INSERT [dbo].[BB_NOTIFICATION_BUSINESS_RULE_LEVEL] ([BB_NOTIFICATION_BUSINESS_RULE_LEVEL_ID], [LEVEL_NUMBER], [BB_NOTIFICATION_BUSINESS_RULE_ID]) VALUES (2, 1, 2)

INSERT [dbo].[BB_NOTIFICATION_BUSINESS_RULE_LEVEL] ([BB_NOTIFICATION_BUSINESS_RULE_LEVEL_ID], [LEVEL_NUMBER], [BB_NOTIFICATION_BUSINESS_RULE_ID]) VALUES (3, 1, 3)

SET IDENTITY_INSERT [dbo].[BB_NOTIFICATION_BUSINESS_RULE_LEVEL] OFF

SET IDENTITY_INSERT [dbo].[BB_NOTIFICATION_LEVEL_ROLE] ON 


INSERT [dbo].[BB_NOTIFICATION_LEVEL_ROLE] ([BB_NOTIFICATION_LEVEL_ROLE_ID], [BB_NOTIFICATION_BUSINESS_RULE_LEVEL_ID], [TYPE], [BB_ROLE_ID]) VALUES (1, 1, N'Sender', 1)

INSERT [dbo].[BB_NOTIFICATION_LEVEL_ROLE] ([BB_NOTIFICATION_LEVEL_ROLE_ID], [BB_NOTIFICATION_BUSINESS_RULE_LEVEL_ID], [TYPE], [BB_ROLE_ID]) VALUES (2, 1, N'Sender', 2)

INSERT [dbo].[BB_NOTIFICATION_LEVEL_ROLE] ([BB_NOTIFICATION_LEVEL_ROLE_ID], [BB_NOTIFICATION_BUSINESS_RULE_LEVEL_ID], [TYPE], [BB_ROLE_ID]) VALUES (3, 1, N'Receiver', 1)

INSERT [dbo].[BB_NOTIFICATION_LEVEL_ROLE] ([BB_NOTIFICATION_LEVEL_ROLE_ID], [BB_NOTIFICATION_BUSINESS_RULE_LEVEL_ID], [TYPE], [BB_ROLE_ID]) VALUES (4, 1, N'Receiver', 2)

INSERT [dbo].[BB_NOTIFICATION_LEVEL_ROLE] ([BB_NOTIFICATION_LEVEL_ROLE_ID], [BB_NOTIFICATION_BUSINESS_RULE_LEVEL_ID], [TYPE], [BB_ROLE_ID]) VALUES (5, 2, N'Sender', 1)

INSERT [dbo].[BB_NOTIFICATION_LEVEL_ROLE] ([BB_NOTIFICATION_LEVEL_ROLE_ID], [BB_NOTIFICATION_BUSINESS_RULE_LEVEL_ID], [TYPE], [BB_ROLE_ID]) VALUES (6, 2, N'Sender', 2)

INSERT [dbo].[BB_NOTIFICATION_LEVEL_ROLE] ([BB_NOTIFICATION_LEVEL_ROLE_ID], [BB_NOTIFICATION_BUSINESS_RULE_LEVEL_ID], [TYPE], [BB_ROLE_ID]) VALUES (7, 2, N'Receiver', 1)

INSERT [dbo].[BB_NOTIFICATION_LEVEL_ROLE] ([BB_NOTIFICATION_LEVEL_ROLE_ID], [BB_NOTIFICATION_BUSINESS_RULE_LEVEL_ID], [TYPE], [BB_ROLE_ID]) VALUES (8, 2, N'Receiver', 2)

INSERT [dbo].[BB_NOTIFICATION_LEVEL_ROLE] ([BB_NOTIFICATION_LEVEL_ROLE_ID], [BB_NOTIFICATION_BUSINESS_RULE_LEVEL_ID], [TYPE], [BB_ROLE_ID]) VALUES (9, 3, N'Sender', 3)

INSERT [dbo].[BB_NOTIFICATION_LEVEL_ROLE] ([BB_NOTIFICATION_LEVEL_ROLE_ID], [BB_NOTIFICATION_BUSINESS_RULE_LEVEL_ID], [TYPE], [BB_ROLE_ID]) VALUES (10, 3, N'Receiver', 2)

SET IDENTITY_INSERT [dbo].[BB_NOTIFICATION_LEVEL_ROLE] OFF

SET IDENTITY_INSERT [dbo].[BB_MODULE] ON 


INSERT [dbo].[BB_MODULE] ([BB_MODULE_ID], [MODULE_CODE], [MODULE_DESCRIPTION], [MODULE_NAME]) VALUES (1, N'ADMIN', N'Admin', N'Admin')

INSERT [dbo].[BB_MODULE] ([BB_MODULE_ID], [MODULE_CODE], [MODULE_DESCRIPTION], [MODULE_NAME]) VALUES (2, N'MDM', N'Master Data Management', N'MDM')

INSERT [dbo].[BB_MODULE] ([BB_MODULE_ID], [MODULE_CODE], [MODULE_DESCRIPTION], [MODULE_NAME]) VALUES (3, N'IDS', N'Information Disclosure System', N'IDS')

INSERT [dbo].[BB_MODULE] ([BB_MODULE_ID], [MODULE_CODE], [MODULE_DESCRIPTION], [MODULE_NAME]) VALUES (4, N'CORRESPONDENCE', N'Correspondence', N'Correspondence')

INSERT [dbo].[BB_MODULE] ([BB_MODULE_ID], [MODULE_CODE], [MODULE_DESCRIPTION], [MODULE_NAME]) VALUES (5, N'REFERENCE', N'Reference', N'REFERENCE')

SET IDENTITY_INSERT [dbo].[BB_MODULE] OFF

SET IDENTITY_INSERT [dbo].[BB_ACCESS_CONTROL] ON 


INSERT [dbo].[BB_ACCESS_CONTROL] ([BB_ACCESS_CONTROL_ID], [ACTION_TYPE], [DESCRIPTION], [BB_MODULE_ID], [NAME]) VALUES (1, 1, N'User can edit role', 1, N'ROLE_EDIT')

INSERT [dbo].[BB_ACCESS_CONTROL] ([BB_ACCESS_CONTROL_ID], [ACTION_TYPE], [DESCRIPTION], [BB_MODULE_ID], [NAME]) VALUES (2, 1, N'User can delete role', 1, N'ROLE_DELETE')

INSERT [dbo].[BB_ACCESS_CONTROL] ([BB_ACCESS_CONTROL_ID], [ACTION_TYPE], [DESCRIPTION], [BB_MODULE_ID], [NAME]) VALUES (4, 1, N'View User List', 1, N'USER_LIST')

INSERT [dbo].[BB_ACCESS_CONTROL] ([BB_ACCESS_CONTROL_ID], [ACTION_TYPE], [DESCRIPTION], [BB_MODULE_ID], [NAME]) VALUES (5, 1, N'User can edit user', 1, N'USER_EDIT')

INSERT [dbo].[BB_ACCESS_CONTROL] ([BB_ACCESS_CONTROL_ID], [ACTION_TYPE], [DESCRIPTION], [BB_MODULE_ID], [NAME]) VALUES (6, 1, N'User can generate OTP', 1, N'USER_GENERATE_OTP')

INSERT [dbo].[BB_ACCESS_CONTROL] ([BB_ACCESS_CONTROL_ID], [ACTION_TYPE], [DESCRIPTION], [BB_MODULE_ID], [NAME]) VALUES (7, 1, N'User can disable access', 1, N'USER_DISABLE_ACCESS')

INSERT [dbo].[BB_ACCESS_CONTROL] ([BB_ACCESS_CONTROL_ID], [ACTION_TYPE], [DESCRIPTION], [BB_MODULE_ID], [NAME]) VALUES (8, 1, N'User can delete user', 1, N'USER_DELETE')

INSERT [dbo].[BB_ACCESS_CONTROL] ([BB_ACCESS_CONTROL_ID], [ACTION_TYPE], [DESCRIPTION], [BB_MODULE_ID], [NAME]) VALUES (9, 1, N'User can create new user', 1, N'USER_CREATE')

INSERT [dbo].[BB_ACCESS_CONTROL] ([BB_ACCESS_CONTROL_ID], [ACTION_TYPE], [DESCRIPTION], [BB_MODULE_ID], [NAME]) VALUES (10, 1, N'Edit access profile', 1, N'ACCESS_PROFILE_EDIT')

INSERT [dbo].[BB_ACCESS_CONTROL] ([BB_ACCESS_CONTROL_ID], [ACTION_TYPE], [DESCRIPTION], [BB_MODULE_ID], [NAME]) VALUES (11, 1, N'Create access profile', 1, N'ACCESS_PROFILE_CREATE')

INSERT [dbo].[BB_ACCESS_CONTROL] ([BB_ACCESS_CONTROL_ID], [ACTION_TYPE], [DESCRIPTION], [BB_MODULE_ID], [NAME]) VALUES (16, 1, N'User can create role', 1, N'ROLE_CREATE')

INSERT [dbo].[BB_ACCESS_CONTROL] ([BB_ACCESS_CONTROL_ID], [ACTION_TYPE], [DESCRIPTION], [BB_MODULE_ID], [NAME]) VALUES (20, 0, N'Admin Notification Dashboard', 1, N'NOTIFICATION_DASHBOARD')

INSERT [dbo].[BB_ACCESS_CONTROL] ([BB_ACCESS_CONTROL_ID], [ACTION_TYPE], [DESCRIPTION], [BB_MODULE_ID], [NAME]) VALUES (22, 0, N'View Role List', 1, N'ROLE_LIST')

INSERT [dbo].[BB_ACCESS_CONTROL] ([BB_ACCESS_CONTROL_ID], [ACTION_TYPE], [DESCRIPTION], [BB_MODULE_ID], [NAME]) VALUES (23, 0, N'View Access Profile List', 1, N'ACCESS_PROFILE_LIST')

INSERT [dbo].[BB_ACCESS_CONTROL] ([BB_ACCESS_CONTROL_ID], [ACTION_TYPE], [DESCRIPTION], [BB_MODULE_ID], [NAME]) VALUES (24, 1, N'setup Notification', 1, N'NOTIFICATION_EDIT')

INSERT [dbo].[BB_ACCESS_CONTROL] ([BB_ACCESS_CONTROL_ID], [ACTION_TYPE], [DESCRIPTION], [BB_MODULE_ID], [NAME]) VALUES (25, 1, N'Edit user bussiness rule', 1, N'NOTIFICATION_BUSINESS_RULE_EDIT')

INSERT [dbo].[BB_ACCESS_CONTROL] ([BB_ACCESS_CONTROL_ID], [ACTION_TYPE], [DESCRIPTION], [BB_MODULE_ID], [NAME]) VALUES (31, 1, N'Delete access profile', 1, N'ACCESS_PROFILE_DELETE')

INSERT [dbo].[BB_ACCESS_CONTROL] ([BB_ACCESS_CONTROL_ID], [ACTION_TYPE], [DESCRIPTION], [BB_MODULE_ID], [NAME]) VALUES (32, 0, N'View User', 1, N'USER_VIEW')

INSERT [dbo].[BB_ACCESS_CONTROL] ([BB_ACCESS_CONTROL_ID], [ACTION_TYPE], [DESCRIPTION], [BB_MODULE_ID], [NAME]) VALUES (33, 0, N'User can view role', 1, N'ROLE_VIEW')

INSERT [dbo].[BB_ACCESS_CONTROL] ([BB_ACCESS_CONTROL_ID], [ACTION_TYPE], [DESCRIPTION], [BB_MODULE_ID], [NAME]) VALUES (34, 0, N'User can be unlocked', 1, N'USER_UNOCK')

INSERT [dbo].[BB_ACCESS_CONTROL] ([BB_ACCESS_CONTROL_ID], [ACTION_TYPE], [DESCRIPTION], [BB_MODULE_ID], [NAME]) VALUES (39, 0, N'View acccess profile', 1, N'ACCESS_PROFILE_VIEW')

INSERT [dbo].[BB_ACCESS_CONTROL] ([BB_ACCESS_CONTROL_ID], [ACTION_TYPE], [DESCRIPTION], [BB_MODULE_ID], [NAME]) VALUES (44, 0, N'View Product', 1, N'PRODUCT_VIEW')

INSERT [dbo].[BB_ACCESS_CONTROL] ([BB_ACCESS_CONTROL_ID], [ACTION_TYPE], [DESCRIPTION], [BB_MODULE_ID], [NAME]) VALUES (47, 0, N'Admin User Dashboard', 1, N'ADMIN_USER_DASHBOARD')

INSERT [dbo].[BB_ACCESS_CONTROL] ([BB_ACCESS_CONTROL_ID], [ACTION_TYPE], [DESCRIPTION], [BB_MODULE_ID], [NAME]) VALUES (48, 0, N'Access Profile --> View User Count', 1, N'ACCESS_PROFILE_USER_COUNT')

INSERT [dbo].[BB_ACCESS_CONTROL] ([BB_ACCESS_CONTROL_ID], [ACTION_TYPE], [DESCRIPTION], [BB_MODULE_ID], [NAME]) VALUES (63, 0, N'Reference', 5, N'REFERENCE')

INSERT [dbo].[BB_ACCESS_CONTROL] ([BB_ACCESS_CONTROL_ID], [ACTION_TYPE], [DESCRIPTION], [BB_MODULE_ID], [NAME]) VALUES (64, 0, N'Reference -> Dashboard -> View Entry', 5, N'DB_VIEW_ENTRY')

INSERT [dbo].[BB_ACCESS_CONTROL] ([BB_ACCESS_CONTROL_ID], [ACTION_TYPE], [DESCRIPTION], [BB_MODULE_ID], [NAME]) VALUES (65, 0, N'Reference -> Dashboard -> Update Reference', 5, N'DB_UPDATE_REFERENCE')

INSERT [dbo].[BB_ACCESS_CONTROL] ([BB_ACCESS_CONTROL_ID], [ACTION_TYPE], [DESCRIPTION], [BB_MODULE_ID], [NAME]) VALUES (66, 0, N'Reference -> Dashboard -> Check Duplicate', 5, N'DB_CHECK_DUPLICATE')

INSERT [dbo].[BB_ACCESS_CONTROL] ([BB_ACCESS_CONTROL_ID], [ACTION_TYPE], [DESCRIPTION], [BB_MODULE_ID], [NAME]) VALUES (67, 1, N'Reference -> Dashboard -> Check Duplicate -> Verify', 5, N'DB_CHECK_DUPLICATE_VERIFY')

INSERT [dbo].[BB_ACCESS_CONTROL] ([BB_ACCESS_CONTROL_ID], [ACTION_TYPE], [DESCRIPTION], [BB_MODULE_ID], [NAME]) VALUES (68, 1, N'Reference -> Dashboard -> Update Reference -> Delete Reference', 5, N'DB_UPDATE_REFERENCE_DELETE')

INSERT [dbo].[BB_ACCESS_CONTROL] ([BB_ACCESS_CONTROL_ID], [ACTION_TYPE], [DESCRIPTION], [BB_MODULE_ID], [NAME]) VALUES (69, 1, N'Reference -> Dashboard -> Update Reference -> Add Details', 5, N'DB_UPDATE_REFERENCE_ADD_DETAILS')

INSERT [dbo].[BB_ACCESS_CONTROL] ([BB_ACCESS_CONTROL_ID], [ACTION_TYPE], [DESCRIPTION], [BB_MODULE_ID], [NAME]) VALUES (70, 1, N'Reference -> Dashboard -> Reference Entry -> Delete Document', 5, N'DB_REFERENCE_ENTRY_DELETE_DOCUMENT')

INSERT [dbo].[BB_ACCESS_CONTROL] ([BB_ACCESS_CONTROL_ID], [ACTION_TYPE], [DESCRIPTION], [BB_MODULE_ID], [NAME]) VALUES (71, 1, N'Reference -> Dashboard -> Reference Entry -> Add Reference', 5, N'DB_REFERENCE_ENTRY_ADD_REFERENCE')

INSERT [dbo].[BB_ACCESS_CONTROL] ([BB_ACCESS_CONTROL_ID], [ACTION_TYPE], [DESCRIPTION], [BB_MODULE_ID], [NAME]) VALUES (72, 1, N'Reference -> Dashboard -> Self Citation', 5, N'DB_SELF_CITATION')

INSERT [dbo].[BB_ACCESS_CONTROL] ([BB_ACCESS_CONTROL_ID], [ACTION_TYPE], [DESCRIPTION], [BB_MODULE_ID], [NAME]) VALUES (73, 0, N'Reference -> Management -> All Records', 5, N'MANAGEMENT_ALL_RECORDS')

INSERT [dbo].[BB_ACCESS_CONTROL] ([BB_ACCESS_CONTROL_ID], [ACTION_TYPE], [DESCRIPTION], [BB_MODULE_ID], [NAME]) VALUES (74, 0, N'Reference -> Management -> Pending Records', 5, N'MGMT_PENDING_RECORDS')

INSERT [dbo].[BB_ACCESS_CONTROL] ([BB_ACCESS_CONTROL_ID], [ACTION_TYPE], [DESCRIPTION], [BB_MODULE_ID], [NAME]) VALUES (75, 1, N'Reference -> Management -> All Records -> Review Reference', 5, N'MGMT_ALL_RECORDS_REVIEW_REFERENCE')

INSERT [dbo].[BB_ACCESS_CONTROL] ([BB_ACCESS_CONTROL_ID], [ACTION_TYPE], [DESCRIPTION], [BB_MODULE_ID], [NAME]) VALUES (76, 1, N'Reference -> Management -> Pending Records -> Add Reference', 5, N'MGMT_PENDING_RECORDS_ADD_REFERENCE')

INSERT [dbo].[BB_ACCESS_CONTROL] ([BB_ACCESS_CONTROL_ID], [ACTION_TYPE], [DESCRIPTION], [BB_MODULE_ID], [NAME]) VALUES (77, 0, N'Reference -> Dashboard', 5, N'REFERENCE_DASHBOARD')

INSERT [dbo].[BB_ACCESS_CONTROL] ([BB_ACCESS_CONTROL_ID], [ACTION_TYPE], [DESCRIPTION], [BB_MODULE_ID], [NAME]) VALUES (81, 0, N'Correspondence -> Dashboard', 4, N'DASHBOARD')

INSERT [dbo].[BB_ACCESS_CONTROL] ([BB_ACCESS_CONTROL_ID], [ACTION_TYPE], [DESCRIPTION], [BB_MODULE_ID], [NAME]) VALUES (82, 1, N'Correspondence -> New Correspondence', 4, N'NEW DOCUMENT')

INSERT [dbo].[BB_ACCESS_CONTROL] ([BB_ACCESS_CONTROL_ID], [ACTION_TYPE], [DESCRIPTION], [BB_MODULE_ID], [NAME]) VALUES (83, 1, N'Correspondence -> Urgent Correspondence', 4, N'URGENT DOCUMENT')

INSERT [dbo].[BB_ACCESS_CONTROL] ([BB_ACCESS_CONTROL_ID], [ACTION_TYPE], [DESCRIPTION], [BB_MODULE_ID], [NAME]) VALUES (84, 1, N'Correspondence -> Bulk Upload', 4, N'BUK UPLOAD')

INSERT [dbo].[BB_ACCESS_CONTROL] ([BB_ACCESS_CONTROL_ID], [ACTION_TYPE], [DESCRIPTION], [BB_MODULE_ID], [NAME]) VALUES (85, 1, N'Correspondence -> Pair Audit', 4, N'PAIR AUDIT')

INSERT [dbo].[BB_ACCESS_CONTROL] ([BB_ACCESS_CONTROL_ID], [ACTION_TYPE], [DESCRIPTION], [BB_MODULE_ID], [NAME]) VALUES (86, 1, N'Correspondence -> Delete', 4, N'DELETE')

INSERT [dbo].[BB_ACCESS_CONTROL] ([BB_ACCESS_CONTROL_ID], [ACTION_TYPE], [DESCRIPTION], [BB_MODULE_ID], [NAME]) VALUES (87, 0, N'Correspondence -> Action Item', 4, N'ACTION ITEMS')

INSERT [dbo].[BB_ACCESS_CONTROL] ([BB_ACCESS_CONTROL_ID], [ACTION_TYPE], [DESCRIPTION], [BB_MODULE_ID], [NAME]) VALUES (88, 0, N'Correspondence -> Update Request', 4, N' UPDATE REQUEST')

INSERT [dbo].[BB_ACCESS_CONTROL] ([BB_ACCESS_CONTROL_ID], [ACTION_TYPE], [DESCRIPTION], [BB_MODULE_ID], [NAME]) VALUES (89, 0, N'Correspondence -> Upload Request', 4, N'UPLOAD REQUEST')

INSERT [dbo].[BB_ACCESS_CONTROL] ([BB_ACCESS_CONTROL_ID], [ACTION_TYPE], [DESCRIPTION], [BB_MODULE_ID], [NAME]) VALUES (90, 0, N'Correspondence -> Track Application', 4, N' TRACK APPLICATION')

INSERT [dbo].[BB_ACCESS_CONTROL] ([BB_ACCESS_CONTROL_ID], [ACTION_TYPE], [DESCRIPTION], [BB_MODULE_ID], [NAME]) VALUES (91, 0, N'MDM -> Action Items -> Create App Request', 2, N'VIEW_CREATE_APP_REQUEST')

INSERT [dbo].[BB_ACCESS_CONTROL] ([BB_ACCESS_CONTROL_ID], [ACTION_TYPE], [DESCRIPTION], [BB_MODULE_ID], [NAME]) VALUES (93, 0, N'MDM -> Action Items -> Update Request App', 2, N'VIEW_UPDATE_APP_REQUEST')

INSERT [dbo].[BB_ACCESS_CONTROL] ([BB_ACCESS_CONTROL_ID], [ACTION_TYPE], [DESCRIPTION], [BB_MODULE_ID], [NAME]) VALUES (94, 0, N'MDM -> Action Items -> Update Request Assignee', 2, N'VIEW_UPDATE_ASSIGNEE_REQUEST')

INSERT [dbo].[BB_ACCESS_CONTROL] ([BB_ACCESS_CONTROL_ID], [ACTION_TYPE], [DESCRIPTION], [BB_MODULE_ID], [NAME]) VALUES (95, 0, N'MDM -> Action Items -> Update Request Family Linakge', 2, N'VIEW_UPDATE_FAMILY_LINAKGE_REQUEST')

INSERT [dbo].[BB_ACCESS_CONTROL] ([BB_ACCESS_CONTROL_ID], [ACTION_TYPE], [DESCRIPTION], [BB_MODULE_ID], [NAME]) VALUES (96, 0, N'MDM -> Action Items -> Change Request', 2, N'VIEW_CHANGE_REQUEST')

INSERT [dbo].[BB_ACCESS_CONTROL] ([BB_ACCESS_CONTROL_ID], [ACTION_TYPE], [DESCRIPTION], [BB_MODULE_ID], [NAME]) VALUES (97, 0, N'MDM -> Drafts', 2, N'VIEW_DRAFTS')

INSERT [dbo].[BB_ACCESS_CONTROL] ([BB_ACCESS_CONTROL_ID], [ACTION_TYPE], [DESCRIPTION], [BB_MODULE_ID], [NAME]) VALUES (98, 0, N'MDM -> View Family Details', 2, N'VIEW_FAMILY')

INSERT [dbo].[BB_ACCESS_CONTROL] ([BB_ACCESS_CONTROL_ID], [ACTION_TYPE], [DESCRIPTION], [BB_MODULE_ID], [NAME]) VALUES (99, 0, N'MDM -> Action Items -> Create Family Member Request', 2, N'VIEW_CREATE_FAMILY_MEMBER_REQUEST')

INSERT [dbo].[BB_ACCESS_CONTROL] ([BB_ACCESS_CONTROL_ID], [ACTION_TYPE], [DESCRIPTION], [BB_MODULE_ID], [NAME]) VALUES (101, 0, N'MDM -> Action Items', 2, N'VIEW_ACTION_ITEMS')

INSERT [dbo].[BB_ACCESS_CONTROL] ([BB_ACCESS_CONTROL_ID], [ACTION_TYPE], [DESCRIPTION], [BB_MODULE_ID], [NAME]) VALUES (102, 1, N'MDM -> Actions -> Drop Approval', 2, N'DROP_APPROVAL')

INSERT [dbo].[BB_ACCESS_CONTROL] ([BB_ACCESS_CONTROL_ID], [ACTION_TYPE], [DESCRIPTION], [BB_MODULE_ID], [NAME]) VALUES (103, 1, N'MDM -> Actions -> Deactivate Approval', 2, N'DEACTIVATE_APPROVAL')

INSERT [dbo].[BB_ACCESS_CONTROL] ([BB_ACCESS_CONTROL_ID], [ACTION_TYPE], [DESCRIPTION], [BB_MODULE_ID], [NAME]) VALUES (104, 1, N'MDM -> Actions -> Activate App', 2, N'ACTIVATE_APPLICATION
')

INSERT [dbo].[BB_ACCESS_CONTROL] ([BB_ACCESS_CONTROL_ID], [ACTION_TYPE], [DESCRIPTION], [BB_MODULE_ID], [NAME]) VALUES (105, 1, N'MDM -> Actions -> Deactivate App', 2, N'DEACTIVATE_APPLICATION
')

INSERT [dbo].[BB_ACCESS_CONTROL] ([BB_ACCESS_CONTROL_ID], [ACTION_TYPE], [DESCRIPTION], [BB_MODULE_ID], [NAME]) VALUES (106, 1, N'MDM -> Actions -> Delete App', 2, N'DELETE_APPLICATION
')

INSERT [dbo].[BB_ACCESS_CONTROL] ([BB_ACCESS_CONTROL_ID], [ACTION_TYPE], [DESCRIPTION], [BB_MODULE_ID], [NAME]) VALUES (107, 1, N'MDM -> Actions -> Abandon App', 2, N'ABANDON_APPLICATION
')

INSERT [dbo].[BB_ACCESS_CONTROL] ([BB_ACCESS_CONTROL_ID], [ACTION_TYPE], [DESCRIPTION], [BB_MODULE_ID], [NAME]) VALUES (108, 1, N'MDM -> Actions -> Transfer App', 2, N'TRANSFER_APPLICATION
')

INSERT [dbo].[BB_ACCESS_CONTROL] ([BB_ACCESS_CONTROL_ID], [ACTION_TYPE], [DESCRIPTION], [BB_MODULE_ID], [NAME]) VALUES (109, 1, N'MDM -> Actions -> Edit Family', 2, N'EDIT_FAMILY')

INSERT [dbo].[BB_ACCESS_CONTROL] ([BB_ACCESS_CONTROL_ID], [ACTION_TYPE], [DESCRIPTION], [BB_MODULE_ID], [NAME]) VALUES (110, 1, N'MDM -> Actions ->  Edit App', 2, N'EDIT_APPLICATION')

INSERT [dbo].[BB_ACCESS_CONTROL] ([BB_ACCESS_CONTROL_ID], [ACTION_TYPE], [DESCRIPTION], [BB_MODULE_ID], [NAME]) VALUES (111, 1, N'MDM -> Actions -> Create App', 2, N'CREATE_APPLICATION')

INSERT [dbo].[BB_ACCESS_CONTROL] ([BB_ACCESS_CONTROL_ID], [ACTION_TYPE], [DESCRIPTION], [BB_MODULE_ID], [NAME]) VALUES (112, 0, N'MDM -> Dashboard -> Inactive Records', 2, N'VIEW_INACTIVE_RECORDS
')

INSERT [dbo].[BB_ACCESS_CONTROL] ([BB_ACCESS_CONTROL_ID], [ACTION_TYPE], [DESCRIPTION], [BB_MODULE_ID], [NAME]) VALUES (113, 0, N'MDM -> Dashboard -> Active Records', 2, N'VIEW_ACTIVE_RECORDS
')

INSERT [dbo].[BB_ACCESS_CONTROL] ([BB_ACCESS_CONTROL_ID], [ACTION_TYPE], [DESCRIPTION], [BB_MODULE_ID], [NAME]) VALUES (114, 0, N'MDM -> Dashboard', 2, N'VIEW_DASHBOARD
')

INSERT [dbo].[BB_ACCESS_CONTROL] ([BB_ACCESS_CONTROL_ID], [ACTION_TYPE], [DESCRIPTION], [BB_MODULE_ID], [NAME]) VALUES (115, 0, N'Reference -> Management', 5, N'VIEW_REFERENCE_MANAGEMENT')

SET IDENTITY_INSERT [dbo].[BB_ACCESS_CONTROL] OFF

INSERT [dbo].[BB_MSTR_ATTORNEY_DOCKET_FORMAT] ([CLIENT_ID], [TOTAL_SEGMENTS], [SEGMENT_SIZE], [SEGMENT_TO_MATCH], [SEPARATOR]) VALUES (-1, 4, 3, 1, N'.')

SET IDENTITY_INSERT [dbo].[BB_OCR_MAPPED_DOCUMENT_CODE] ON 


INSERT [dbo].[BB_OCR_MAPPED_DOCUMENT_CODE] ([BB_OCR_MAPPED_DOCUMENT_CODE_ID], [CREATED_BY], [CREATED_ON], [MODIFIED_BY], [MODIFIED_ON], [VERSION], [DOCUMENT_CODE], [JURISDICTION_CODE]) VALUES (1, NULL, NULL, NULL, NULL, 1, N'NTC.MISS.PRT', N'US')

INSERT [dbo].[BB_OCR_MAPPED_DOCUMENT_CODE] ([BB_OCR_MAPPED_DOCUMENT_CODE_ID], [CREATED_BY], [CREATED_ON], [MODIFIED_BY], [MODIFIED_ON], [VERSION], [DOCUMENT_CODE], [JURISDICTION_CODE]) VALUES (2, NULL, NULL, NULL, NULL, 1, N'APP.FILE.REC', N'US')

INSERT [dbo].[BB_OCR_MAPPED_DOCUMENT_CODE] ([BB_OCR_MAPPED_DOCUMENT_CODE_ID], [CREATED_BY], [CREATED_ON], [MODIFIED_BY], [MODIFIED_ON], [VERSION], [DOCUMENT_CODE], [JURISDICTION_CODE]) VALUES (3, NULL, NULL, NULL, NULL, 1, N'MES.GIB', N'US')

INSERT [dbo].[BB_OCR_MAPPED_DOCUMENT_CODE] ([BB_OCR_MAPPED_DOCUMENT_CODE_ID], [CREATED_BY], [CREATED_ON], [MODIFIED_BY], [MODIFIED_ON], [VERSION], [DOCUMENT_CODE], [JURISDICTION_CODE]) VALUES (4, NULL, NULL, NULL, NULL, 1, N'European Search Report', N'EP')

INSERT [dbo].[BB_OCR_MAPPED_DOCUMENT_CODE] ([BB_OCR_MAPPED_DOCUMENT_CODE_ID], [CREATED_BY], [CREATED_ON], [MODIFIED_BY], [MODIFIED_ON], [VERSION], [DOCUMENT_CODE], [JURISDICTION_CODE]) VALUES (5, NULL, NULL, NULL, NULL, 1, N'Supplemental European Search Report', N'EP')

INSERT [dbo].[BB_OCR_MAPPED_DOCUMENT_CODE] ([BB_OCR_MAPPED_DOCUMENT_CODE_ID], [CREATED_BY], [CREATED_ON], [MODIFIED_BY], [MODIFIED_ON], [VERSION], [DOCUMENT_CODE], [JURISDICTION_CODE]) VALUES (6, NULL, NULL, NULL, NULL, 1, N'Office Action Article 94 (3) EPC', N'EP')

INSERT [dbo].[BB_OCR_MAPPED_DOCUMENT_CODE] ([BB_OCR_MAPPED_DOCUMENT_CODE_ID], [CREATED_BY], [CREATED_ON], [MODIFIED_BY], [MODIFIED_ON], [VERSION], [DOCUMENT_CODE], [JURISDICTION_CODE]) VALUES (7, NULL, NULL, NULL, NULL, 1, N'Third Party Submissions', N'EP')

INSERT [dbo].[BB_OCR_MAPPED_DOCUMENT_CODE] ([BB_OCR_MAPPED_DOCUMENT_CODE_ID], [CREATED_BY], [CREATED_ON], [MODIFIED_BY], [MODIFIED_ON], [VERSION], [DOCUMENT_CODE], [JURISDICTION_CODE]) VALUES (8, NULL, NULL, NULL, NULL, 1, N'Office Action Under Rule 70 (2) EPC', N'EP')

INSERT [dbo].[BB_OCR_MAPPED_DOCUMENT_CODE] ([BB_OCR_MAPPED_DOCUMENT_CODE_ID], [CREATED_BY], [CREATED_ON], [MODIFIED_BY], [MODIFIED_ON], [VERSION], [DOCUMENT_CODE], [JURISDICTION_CODE]) VALUES (9, NULL, NULL, NULL, NULL, 1, N'Rule 161/162 Communication', N'EP')

SET IDENTITY_INSERT [dbo].[BB_OCR_MAPPED_DOCUMENT_CODE] OFF

SET IDENTITY_INSERT [dbo].[BB_SCR_CREATE_APPLICATION] ON 
INSERT [dbo].[BB_SCR_CREATE_APPLICATION] ([ID], [APPLICATION_NUMBER_FORMATTED], [CREATED_BY], [CREATED_ON], [CUSTOMER_NUMBER], [JURISDICTION_CODE], [MODIFIED_BY], [MODIFIED_ON], [BASE_APPLICATION_QUEUE_ID], [CORRESPONDENCE_LINK], [FAMILY_ID], [FILING_DATE], [RETRY_COUNT], [STATUS],[APPLICATION_NUMBER_RAW]) VALUES (5, N'00000001', 1, CAST(N'2016-01-01 00:00:00.000' AS DateTime), N'123-456-ABC', N'WO', 1, CAST(N'2016-01-01 00:00:00.000' AS DateTime), NULL, NULL, NULL, CAST(N'2010-12-14 00:00:00.000' AS DateTime), 0, N'INITIATED',N'12978664')
INSERT [dbo].[BB_SCR_CREATE_APPLICATION] ([ID], [APPLICATION_NUMBER_FORMATTED], [CREATED_BY], [CREATED_ON], [CUSTOMER_NUMBER], [JURISDICTION_CODE], [MODIFIED_BY], [MODIFIED_ON], [BASE_APPLICATION_QUEUE_ID], [CORRESPONDENCE_LINK], [FAMILY_ID], [FILING_DATE], [RETRY_COUNT], [STATUS],[APPLICATION_NUMBER_RAW]) VALUES (6, N'12968124', -1, CAST(N'2016-01-08 11:30:33.830' AS DateTime), N'22971', N'US', -1, CAST(N'2016-01-08 11:30:33.830' AS DateTime), NULL, NULL, NULL, CAST(N'2010-12-14 00:00:00.000' AS DateTime), 1, N'INITIATED',N'12978664')
SET IDENTITY_INSERT [dbo].[BB_SCR_CREATE_APPLICATION] OFF

SET IDENTITY_INSERT [dbo].[BB_VALIDATION_MATRIX] ON 

INSERT [dbo].[BB_VALIDATION_MATRIX] ([BB_VALIDATION_MATRIX_ID], [APPLICATION_TYPE], [CHECK_NUM_EQUALITY], [END_FILING_DATE], [END_GRANT_DATE], [JURISDICTION], [NUMBER_TYPE], [START_FILING_DATE], [START_GRANT_DATE]) VALUES (1, N'ALL', N'NONE', NULL, NULL, N'US', N'APPLICATION', NULL, NULL)
INSERT [dbo].[BB_VALIDATION_MATRIX] ([BB_VALIDATION_MATRIX_ID], [APPLICATION_TYPE], [CHECK_NUM_EQUALITY], [END_FILING_DATE], [END_GRANT_DATE], [JURISDICTION], [NUMBER_TYPE], [START_FILING_DATE], [START_GRANT_DATE]) VALUES (2, N'ALL', N'NONE', NULL, NULL, N'US', N'PUBLICATION', NULL, NULL)
INSERT [dbo].[BB_VALIDATION_MATRIX] ([BB_VALIDATION_MATRIX_ID], [APPLICATION_TYPE], [CHECK_NUM_EQUALITY], [END_FILING_DATE], [END_GRANT_DATE], [JURISDICTION], [NUMBER_TYPE], [START_FILING_DATE], [START_GRANT_DATE]) VALUES (3, N'ALL', N'NONE', NULL, NULL, N'US', N'PATENT', NULL, NULL)
INSERT [dbo].[BB_VALIDATION_MATRIX] ([BB_VALIDATION_MATRIX_ID], [APPLICATION_TYPE], [CHECK_NUM_EQUALITY], [END_FILING_DATE], [END_GRANT_DATE], [JURISDICTION], [NUMBER_TYPE], [START_FILING_DATE], [START_GRANT_DATE]) VALUES (4, N'PCT_US_FIRST_FILING', N'NONE', NULL, NULL, N'WO', N'APPLICATION', NULL, NULL)
INSERT [dbo].[BB_VALIDATION_MATRIX] ([BB_VALIDATION_MATRIX_ID], [APPLICATION_TYPE], [CHECK_NUM_EQUALITY], [END_FILING_DATE], [END_GRANT_DATE], [JURISDICTION], [NUMBER_TYPE], [START_FILING_DATE], [START_GRANT_DATE]) VALUES (6, N'PCT_US_SUBSEQUENT_FILING', N'NONE', NULL, NULL, N'WO', N'APPLICATION', NULL, NULL)
INSERT [dbo].[BB_VALIDATION_MATRIX] ([BB_VALIDATION_MATRIX_ID], [APPLICATION_TYPE], [CHECK_NUM_EQUALITY], [END_FILING_DATE], [END_GRANT_DATE], [JURISDICTION], [NUMBER_TYPE], [START_FILING_DATE], [START_GRANT_DATE]) VALUES (7, N'FOREIGN_FAMILY_MEMBER', N'NONE', NULL, NULL, N'WO', N'APPLICATION', NULL, NULL)
INSERT [dbo].[BB_VALIDATION_MATRIX] ([BB_VALIDATION_MATRIX_ID], [APPLICATION_TYPE], [CHECK_NUM_EQUALITY], [END_FILING_DATE], [END_GRANT_DATE], [JURISDICTION], [NUMBER_TYPE], [START_FILING_DATE], [START_GRANT_DATE]) VALUES (8, N'ALL', N'NONE', NULL, NULL, N'WO', N'PUBLICATION', NULL, NULL)
INSERT [dbo].[BB_VALIDATION_MATRIX] ([BB_VALIDATION_MATRIX_ID], [APPLICATION_TYPE], [CHECK_NUM_EQUALITY], [END_FILING_DATE], [END_GRANT_DATE], [JURISDICTION], [NUMBER_TYPE], [START_FILING_DATE], [START_GRANT_DATE]) VALUES (9, N'ALL', N'NONE', NULL, NULL, N'EP', N'APPLICATION', NULL, NULL)
INSERT [dbo].[BB_VALIDATION_MATRIX] ([BB_VALIDATION_MATRIX_ID], [APPLICATION_TYPE], [CHECK_NUM_EQUALITY], [END_FILING_DATE], [END_GRANT_DATE], [JURISDICTION], [NUMBER_TYPE], [START_FILING_DATE], [START_GRANT_DATE]) VALUES (10, N'ALL', N'PG', NULL, NULL, N'EP', N'PUBLICATION', NULL, NULL)
INSERT [dbo].[BB_VALIDATION_MATRIX] ([BB_VALIDATION_MATRIX_ID], [APPLICATION_TYPE], [CHECK_NUM_EQUALITY], [END_FILING_DATE], [END_GRANT_DATE], [JURISDICTION], [NUMBER_TYPE], [START_FILING_DATE], [START_GRANT_DATE]) VALUES (11, N'ALL', N'PG', NULL, NULL, N'EP', N'PATENT', NULL, NULL)
INSERT [dbo].[BB_VALIDATION_MATRIX] ([BB_VALIDATION_MATRIX_ID], [APPLICATION_TYPE], [CHECK_NUM_EQUALITY], [END_FILING_DATE], [END_GRANT_DATE], [JURISDICTION], [NUMBER_TYPE], [START_FILING_DATE], [START_GRANT_DATE]) VALUES (12, N'ALL', N'AP', CAST(N'2002-08-08 00:00:00.000' AS DateTime), NULL, N'AU', N'APPLICATION', NULL, NULL)
INSERT [dbo].[BB_VALIDATION_MATRIX] ([BB_VALIDATION_MATRIX_ID], [APPLICATION_TYPE], [CHECK_NUM_EQUALITY], [END_FILING_DATE], [END_GRANT_DATE], [JURISDICTION], [NUMBER_TYPE], [START_FILING_DATE], [START_GRANT_DATE]) VALUES (13, N'ALL', N'APG', NULL, NULL, N'AU', N'APPLICATION', CAST(N'2002-08-08 00:00:00.000' AS DateTime), NULL)
INSERT [dbo].[BB_VALIDATION_MATRIX] ([BB_VALIDATION_MATRIX_ID], [APPLICATION_TYPE], [CHECK_NUM_EQUALITY], [END_FILING_DATE], [END_GRANT_DATE], [JURISDICTION], [NUMBER_TYPE], [START_FILING_DATE], [START_GRANT_DATE]) VALUES (14, N'ALL', N'AP', CAST(N'2002-08-08 00:00:00.000' AS DateTime), NULL, N'AU', N'PUBLICATION', NULL, NULL)
INSERT [dbo].[BB_VALIDATION_MATRIX] ([BB_VALIDATION_MATRIX_ID], [APPLICATION_TYPE], [CHECK_NUM_EQUALITY], [END_FILING_DATE], [END_GRANT_DATE], [JURISDICTION], [NUMBER_TYPE], [START_FILING_DATE], [START_GRANT_DATE]) VALUES (15, N'ALL', N'APG', NULL, NULL, N'AU', N'PUBLICATION', CAST(N'2002-08-08 00:00:00.000' AS DateTime), NULL)
INSERT [dbo].[BB_VALIDATION_MATRIX] ([BB_VALIDATION_MATRIX_ID], [APPLICATION_TYPE], [CHECK_NUM_EQUALITY], [END_FILING_DATE], [END_GRANT_DATE], [JURISDICTION], [NUMBER_TYPE], [START_FILING_DATE], [START_GRANT_DATE]) VALUES (16, N'ALL', N'NONE', CAST(N'2002-08-08 00:00:00.000' AS DateTime), NULL, N'AU', N'PATENT', NULL, NULL)
INSERT [dbo].[BB_VALIDATION_MATRIX] ([BB_VALIDATION_MATRIX_ID], [APPLICATION_TYPE], [CHECK_NUM_EQUALITY], [END_FILING_DATE], [END_GRANT_DATE], [JURISDICTION], [NUMBER_TYPE], [START_FILING_DATE], [START_GRANT_DATE]) VALUES (17, N'ALL', N'APG', NULL, NULL, N'AU', N'PATENT', CAST(N'2002-08-08 00:00:00.000' AS DateTime), NULL)
INSERT [dbo].[BB_VALIDATION_MATRIX] ([BB_VALIDATION_MATRIX_ID], [APPLICATION_TYPE], [CHECK_NUM_EQUALITY], [END_FILING_DATE], [END_GRANT_DATE], [JURISDICTION], [NUMBER_TYPE], [START_FILING_DATE], [START_GRANT_DATE]) VALUES (18, N'ALL', N'NONE', NULL, NULL, N'GB', N'APPLICATION', NULL, NULL)
INSERT [dbo].[BB_VALIDATION_MATRIX] ([BB_VALIDATION_MATRIX_ID], [APPLICATION_TYPE], [CHECK_NUM_EQUALITY], [END_FILING_DATE], [END_GRANT_DATE], [JURISDICTION], [NUMBER_TYPE], [START_FILING_DATE], [START_GRANT_DATE]) VALUES (19, N'ALL', N'NONE', NULL, NULL, N'GB', N'APPLICATION', NULL, NULL)
INSERT [dbo].[BB_VALIDATION_MATRIX] ([BB_VALIDATION_MATRIX_ID], [APPLICATION_TYPE], [CHECK_NUM_EQUALITY], [END_FILING_DATE], [END_GRANT_DATE], [JURISDICTION], [NUMBER_TYPE], [START_FILING_DATE], [START_GRANT_DATE]) VALUES (20, N'ALL', N'PG', NULL, NULL, N'GB', N'PUBLICATION', NULL, NULL)
INSERT [dbo].[BB_VALIDATION_MATRIX] ([BB_VALIDATION_MATRIX_ID], [APPLICATION_TYPE], [CHECK_NUM_EQUALITY], [END_FILING_DATE], [END_GRANT_DATE], [JURISDICTION], [NUMBER_TYPE], [START_FILING_DATE], [START_GRANT_DATE]) VALUES (21, N'ALL', N'PG', NULL, NULL, N'GB', N'PATENT', NULL, NULL)
INSERT [dbo].[BB_VALIDATION_MATRIX] ([BB_VALIDATION_MATRIX_ID], [APPLICATION_TYPE], [CHECK_NUM_EQUALITY], [END_FILING_DATE], [END_GRANT_DATE], [JURISDICTION], [NUMBER_TYPE], [START_FILING_DATE], [START_GRANT_DATE]) VALUES (22, N'ALL', N'NONE', CAST(N'1989-10-01 00:00:00.000' AS DateTime), NULL, N'CA', N'APPLICATION', NULL, NULL)
INSERT [dbo].[BB_VALIDATION_MATRIX] ([BB_VALIDATION_MATRIX_ID], [APPLICATION_TYPE], [CHECK_NUM_EQUALITY], [END_FILING_DATE], [END_GRANT_DATE], [JURISDICTION], [NUMBER_TYPE], [START_FILING_DATE], [START_GRANT_DATE]) VALUES (23, N'ALL', N'APG', NULL, NULL, N'CA', N'APPLICATION', CAST(N'1989-10-01 00:00:00.000' AS DateTime), NULL)
INSERT [dbo].[BB_VALIDATION_MATRIX] ([BB_VALIDATION_MATRIX_ID], [APPLICATION_TYPE], [CHECK_NUM_EQUALITY], [END_FILING_DATE], [END_GRANT_DATE], [JURISDICTION], [NUMBER_TYPE], [START_FILING_DATE], [START_GRANT_DATE]) VALUES (24, N'ALL', N'NONE', CAST(N'1989-10-01 00:00:00.000' AS DateTime), NULL, N'CA', N'PUBLICATION', NULL, NULL)
INSERT [dbo].[BB_VALIDATION_MATRIX] ([BB_VALIDATION_MATRIX_ID], [APPLICATION_TYPE], [CHECK_NUM_EQUALITY], [END_FILING_DATE], [END_GRANT_DATE], [JURISDICTION], [NUMBER_TYPE], [START_FILING_DATE], [START_GRANT_DATE]) VALUES (25, N'ALL', N'APG', NULL, NULL, N'CA', N'PUBLICATION', CAST(N'1989-10-01 00:00:00.000' AS DateTime), NULL)
INSERT [dbo].[BB_VALIDATION_MATRIX] ([BB_VALIDATION_MATRIX_ID], [APPLICATION_TYPE], [CHECK_NUM_EQUALITY], [END_FILING_DATE], [END_GRANT_DATE], [JURISDICTION], [NUMBER_TYPE], [START_FILING_DATE], [START_GRANT_DATE]) VALUES (26, N'ALL', N'NONE', CAST(N'1989-10-01 00:00:00.000' AS DateTime), NULL, N'CA', N'PATENT', NULL, NULL)
INSERT [dbo].[BB_VALIDATION_MATRIX] ([BB_VALIDATION_MATRIX_ID], [APPLICATION_TYPE], [CHECK_NUM_EQUALITY], [END_FILING_DATE], [END_GRANT_DATE], [JURISDICTION], [NUMBER_TYPE], [START_FILING_DATE], [START_GRANT_DATE]) VALUES (27, N'ALL', N'APG', NULL, NULL, N'CA', N'PATENT', CAST(N'1989-10-01 00:00:00.000' AS DateTime), NULL)
INSERT [dbo].[BB_VALIDATION_MATRIX] ([BB_VALIDATION_MATRIX_ID], [APPLICATION_TYPE], [CHECK_NUM_EQUALITY], [END_FILING_DATE], [END_GRANT_DATE], [JURISDICTION], [NUMBER_TYPE], [START_FILING_DATE], [START_GRANT_DATE]) VALUES (28, N'ALL', N'NONE', NULL, NULL, N'FR', N'APPLICATION', NULL, NULL)
INSERT [dbo].[BB_VALIDATION_MATRIX] ([BB_VALIDATION_MATRIX_ID], [APPLICATION_TYPE], [CHECK_NUM_EQUALITY], [END_FILING_DATE], [END_GRANT_DATE], [JURISDICTION], [NUMBER_TYPE], [START_FILING_DATE], [START_GRANT_DATE]) VALUES (29, N'ALL', N'NONE', NULL, NULL, N'FR', N'PUBLICATION', NULL, NULL)
INSERT [dbo].[BB_VALIDATION_MATRIX] ([BB_VALIDATION_MATRIX_ID], [APPLICATION_TYPE], [CHECK_NUM_EQUALITY], [END_FILING_DATE], [END_GRANT_DATE], [JURISDICTION], [NUMBER_TYPE], [START_FILING_DATE], [START_GRANT_DATE]) VALUES (30, N'ALL', N'NONE', NULL, NULL, N'FR', N'PATENT', NULL, NULL)
INSERT [dbo].[BB_VALIDATION_MATRIX] ([BB_VALIDATION_MATRIX_ID], [APPLICATION_TYPE], [CHECK_NUM_EQUALITY], [END_FILING_DATE], [END_GRANT_DATE], [JURISDICTION], [NUMBER_TYPE], [START_FILING_DATE], [START_GRANT_DATE]) VALUES (31, N'ALL', N'NONE', CAST(N'2000-01-01 00:00:00.000' AS DateTime), NULL, N'JP', N'APPLICATION', NULL, NULL)
INSERT [dbo].[BB_VALIDATION_MATRIX] ([BB_VALIDATION_MATRIX_ID], [APPLICATION_TYPE], [CHECK_NUM_EQUALITY], [END_FILING_DATE], [END_GRANT_DATE], [JURISDICTION], [NUMBER_TYPE], [START_FILING_DATE], [START_GRANT_DATE]) VALUES (32, N'ALL', N'NONE', NULL, NULL, N'JP', N'APPLICATION', NULL, NULL)
INSERT [dbo].[BB_VALIDATION_MATRIX] ([BB_VALIDATION_MATRIX_ID], [APPLICATION_TYPE], [CHECK_NUM_EQUALITY], [END_FILING_DATE], [END_GRANT_DATE], [JURISDICTION], [NUMBER_TYPE], [START_FILING_DATE], [START_GRANT_DATE]) VALUES (33, N'ALL', N'NONE', CAST(N'2000-01-01 00:00:00.000' AS DateTime), NULL, N'JP', N'PUBLICATION', NULL, NULL)
INSERT [dbo].[BB_VALIDATION_MATRIX] ([BB_VALIDATION_MATRIX_ID], [APPLICATION_TYPE], [CHECK_NUM_EQUALITY], [END_FILING_DATE], [END_GRANT_DATE], [JURISDICTION], [NUMBER_TYPE], [START_FILING_DATE], [START_GRANT_DATE]) VALUES (34, N'ALL', N'NONE', NULL, NULL, N'JP', N'PUBLICATION', NULL, NULL)
INSERT [dbo].[BB_VALIDATION_MATRIX] ([BB_VALIDATION_MATRIX_ID], [APPLICATION_TYPE], [CHECK_NUM_EQUALITY], [END_FILING_DATE], [END_GRANT_DATE], [JURISDICTION], [NUMBER_TYPE], [START_FILING_DATE], [START_GRANT_DATE]) VALUES (35, N'ALL', N'NONE', NULL, NULL, N'JP', N'PATENT', NULL, NULL)
INSERT [dbo].[BB_VALIDATION_MATRIX] ([BB_VALIDATION_MATRIX_ID], [APPLICATION_TYPE], [CHECK_NUM_EQUALITY], [END_FILING_DATE], [END_GRANT_DATE], [JURISDICTION], [NUMBER_TYPE], [START_FILING_DATE], [START_GRANT_DATE]) VALUES (36, N'ALL', N'NONE', CAST(N'2003-10-01 00:00:00.000' AS DateTime), NULL, N'CN', N'APPLICATION', NULL, NULL)
INSERT [dbo].[BB_VALIDATION_MATRIX] ([BB_VALIDATION_MATRIX_ID], [APPLICATION_TYPE], [CHECK_NUM_EQUALITY], [END_FILING_DATE], [END_GRANT_DATE], [JURISDICTION], [NUMBER_TYPE], [START_FILING_DATE], [START_GRANT_DATE]) VALUES (37, N'ALL', N'NONE', CAST(N'2003-10-01 00:00:00.000' AS DateTime), NULL, N'CN', N'APPLICATION', NULL, NULL)
INSERT [dbo].[BB_VALIDATION_MATRIX] ([BB_VALIDATION_MATRIX_ID], [APPLICATION_TYPE], [CHECK_NUM_EQUALITY], [END_FILING_DATE], [END_GRANT_DATE], [JURISDICTION], [NUMBER_TYPE], [START_FILING_DATE], [START_GRANT_DATE]) VALUES (38, N'ALL', N'NONE', NULL, NULL, N'CN', N'APPLICATION', CAST(N'2003-10-01 00:00:00.000' AS DateTime), NULL)
INSERT [dbo].[BB_VALIDATION_MATRIX] ([BB_VALIDATION_MATRIX_ID], [APPLICATION_TYPE], [CHECK_NUM_EQUALITY], [END_FILING_DATE], [END_GRANT_DATE], [JURISDICTION], [NUMBER_TYPE], [START_FILING_DATE], [START_GRANT_DATE]) VALUES (39, N'ALL', N'NONE', NULL, NULL, N'CN', N'APPLICATION', CAST(N'2003-10-01 00:00:00.000' AS DateTime), NULL)
INSERT [dbo].[BB_VALIDATION_MATRIX] ([BB_VALIDATION_MATRIX_ID], [APPLICATION_TYPE], [CHECK_NUM_EQUALITY], [END_FILING_DATE], [END_GRANT_DATE], [JURISDICTION], [NUMBER_TYPE], [START_FILING_DATE], [START_GRANT_DATE]) VALUES (40, N'ALL', N'NONE', CAST(N'2003-10-01 00:00:00.000' AS DateTime), NULL, N'CN', N'PUBLICATION', NULL, NULL)
INSERT [dbo].[BB_VALIDATION_MATRIX] ([BB_VALIDATION_MATRIX_ID], [APPLICATION_TYPE], [CHECK_NUM_EQUALITY], [END_FILING_DATE], [END_GRANT_DATE], [JURISDICTION], [NUMBER_TYPE], [START_FILING_DATE], [START_GRANT_DATE]) VALUES (41, N'ALL', N'NONE', NULL, NULL, N'CN', N'PUBLICATION', CAST(N'2003-10-01 00:00:00.000' AS DateTime), NULL)
INSERT [dbo].[BB_VALIDATION_MATRIX] ([BB_VALIDATION_MATRIX_ID], [APPLICATION_TYPE], [CHECK_NUM_EQUALITY], [END_FILING_DATE], [END_GRANT_DATE], [JURISDICTION], [NUMBER_TYPE], [START_FILING_DATE], [START_GRANT_DATE]) VALUES (42, N'ALL', N'NONE', CAST(N'2003-10-01 00:00:00.000' AS DateTime), NULL, N'CN', N'PATENT', NULL, NULL)
INSERT [dbo].[BB_VALIDATION_MATRIX] ([BB_VALIDATION_MATRIX_ID], [APPLICATION_TYPE], [CHECK_NUM_EQUALITY], [END_FILING_DATE], [END_GRANT_DATE], [JURISDICTION], [NUMBER_TYPE], [START_FILING_DATE], [START_GRANT_DATE]) VALUES (43, N'ALL', N'NONE', NULL, NULL, N'CN', N'PATENT', CAST(N'2003-10-01 00:00:00.000' AS DateTime), NULL)
INSERT [dbo].[BB_VALIDATION_MATRIX] ([BB_VALIDATION_MATRIX_ID], [APPLICATION_TYPE], [CHECK_NUM_EQUALITY], [END_FILING_DATE], [END_GRANT_DATE], [JURISDICTION], [NUMBER_TYPE], [START_FILING_DATE], [START_GRANT_DATE]) VALUES (44, N'ALL', N'APG', CAST(N'1995-01-01 00:00:00.000' AS DateTime), NULL, N'DE', N'APPLICATION', NULL, NULL)
INSERT [dbo].[BB_VALIDATION_MATRIX] ([BB_VALIDATION_MATRIX_ID], [APPLICATION_TYPE], [CHECK_NUM_EQUALITY], [END_FILING_DATE], [END_GRANT_DATE], [JURISDICTION], [NUMBER_TYPE], [START_FILING_DATE], [START_GRANT_DATE]) VALUES (45, N'ALL', N'APG', CAST(N'2003-12-31 00:00:00.000' AS DateTime), NULL, N'DE', N'APPLICATION', CAST(N'1995-01-01 00:00:00.000' AS DateTime), NULL)
INSERT [dbo].[BB_VALIDATION_MATRIX] ([BB_VALIDATION_MATRIX_ID], [APPLICATION_TYPE], [CHECK_NUM_EQUALITY], [END_FILING_DATE], [END_GRANT_DATE], [JURISDICTION], [NUMBER_TYPE], [START_FILING_DATE], [START_GRANT_DATE]) VALUES (46, N'ALL', N'APG', NULL, NULL, N'DE', N'APPLICATION', CAST(N'2004-01-01 00:00:00.000' AS DateTime), NULL)
INSERT [dbo].[BB_VALIDATION_MATRIX] ([BB_VALIDATION_MATRIX_ID], [APPLICATION_TYPE], [CHECK_NUM_EQUALITY], [END_FILING_DATE], [END_GRANT_DATE], [JURISDICTION], [NUMBER_TYPE], [START_FILING_DATE], [START_GRANT_DATE]) VALUES (47, N'ALL', N'APG', CAST(N'1995-01-01 00:00:00.000' AS DateTime), NULL, N'DE', N'APPLICATION', NULL, NULL)
INSERT [dbo].[BB_VALIDATION_MATRIX] ([BB_VALIDATION_MATRIX_ID], [APPLICATION_TYPE], [CHECK_NUM_EQUALITY], [END_FILING_DATE], [END_GRANT_DATE], [JURISDICTION], [NUMBER_TYPE], [START_FILING_DATE], [START_GRANT_DATE]) VALUES (48, N'ALL', N'APG', CAST(N'2003-12-31 00:00:00.000' AS DateTime), NULL, N'DE', N'APPLICATION', CAST(N'1995-01-01 00:00:00.000' AS DateTime), NULL)
INSERT [dbo].[BB_VALIDATION_MATRIX] ([BB_VALIDATION_MATRIX_ID], [APPLICATION_TYPE], [CHECK_NUM_EQUALITY], [END_FILING_DATE], [END_GRANT_DATE], [JURISDICTION], [NUMBER_TYPE], [START_FILING_DATE], [START_GRANT_DATE]) VALUES (49, N'ALL', N'APG', NULL, NULL, N'DE', N'APPLICATION', CAST(N'2004-01-01 00:00:00.000' AS DateTime), NULL)
INSERT [dbo].[BB_VALIDATION_MATRIX] ([BB_VALIDATION_MATRIX_ID], [APPLICATION_TYPE], [CHECK_NUM_EQUALITY], [END_FILING_DATE], [END_GRANT_DATE], [JURISDICTION], [NUMBER_TYPE], [START_FILING_DATE], [START_GRANT_DATE]) VALUES (50, N'ALL', N'APG', CAST(N'1995-01-01 00:00:00.000' AS DateTime), NULL, N'DE', N'PUBLICATION', NULL, NULL)
INSERT [dbo].[BB_VALIDATION_MATRIX] ([BB_VALIDATION_MATRIX_ID], [APPLICATION_TYPE], [CHECK_NUM_EQUALITY], [END_FILING_DATE], [END_GRANT_DATE], [JURISDICTION], [NUMBER_TYPE], [START_FILING_DATE], [START_GRANT_DATE]) VALUES (51, N'ALL', N'APG', CAST(N'2003-12-31 00:00:00.000' AS DateTime), NULL, N'DE', N'PUBLICATION', CAST(N'1995-01-01 00:00:00.000' AS DateTime), NULL)
INSERT [dbo].[BB_VALIDATION_MATRIX] ([BB_VALIDATION_MATRIX_ID], [APPLICATION_TYPE], [CHECK_NUM_EQUALITY], [END_FILING_DATE], [END_GRANT_DATE], [JURISDICTION], [NUMBER_TYPE], [START_FILING_DATE], [START_GRANT_DATE]) VALUES (52, N'ALL', N'APG', NULL, NULL, N'DE', N'PUBLICATION', CAST(N'2004-01-01 00:00:00.000' AS DateTime), NULL)
INSERT [dbo].[BB_VALIDATION_MATRIX] ([BB_VALIDATION_MATRIX_ID], [APPLICATION_TYPE], [CHECK_NUM_EQUALITY], [END_FILING_DATE], [END_GRANT_DATE], [JURISDICTION], [NUMBER_TYPE], [START_FILING_DATE], [START_GRANT_DATE]) VALUES (53, N'ALL', N'APG', CAST(N'1995-01-01 00:00:00.000' AS DateTime), NULL, N'DE', N'PUBLICATION', NULL, NULL)
INSERT [dbo].[BB_VALIDATION_MATRIX] ([BB_VALIDATION_MATRIX_ID], [APPLICATION_TYPE], [CHECK_NUM_EQUALITY], [END_FILING_DATE], [END_GRANT_DATE], [JURISDICTION], [NUMBER_TYPE], [START_FILING_DATE], [START_GRANT_DATE]) VALUES (54, N'ALL', N'APG', CAST(N'2003-12-31 00:00:00.000' AS DateTime), NULL, N'DE', N'PUBLICATION', CAST(N'1995-01-01 00:00:00.000' AS DateTime), NULL)
INSERT [dbo].[BB_VALIDATION_MATRIX] ([BB_VALIDATION_MATRIX_ID], [APPLICATION_TYPE], [CHECK_NUM_EQUALITY], [END_FILING_DATE], [END_GRANT_DATE], [JURISDICTION], [NUMBER_TYPE], [START_FILING_DATE], [START_GRANT_DATE]) VALUES (55, N'ALL', N'APG', NULL, NULL, N'DE', N'PUBLICATION', CAST(N'2004-01-01 00:00:00.000' AS DateTime), NULL)
INSERT [dbo].[BB_VALIDATION_MATRIX] ([BB_VALIDATION_MATRIX_ID], [APPLICATION_TYPE], [CHECK_NUM_EQUALITY], [END_FILING_DATE], [END_GRANT_DATE], [JURISDICTION], [NUMBER_TYPE], [START_FILING_DATE], [START_GRANT_DATE]) VALUES (56, N'ALL', N'APG', CAST(N'1995-01-01 00:00:00.000' AS DateTime), NULL, N'DE', N'PATENT', NULL, NULL)
INSERT [dbo].[BB_VALIDATION_MATRIX] ([BB_VALIDATION_MATRIX_ID], [APPLICATION_TYPE], [CHECK_NUM_EQUALITY], [END_FILING_DATE], [END_GRANT_DATE], [JURISDICTION], [NUMBER_TYPE], [START_FILING_DATE], [START_GRANT_DATE]) VALUES (57, N'ALL', N'APG', CAST(N'2003-12-31 00:00:00.000' AS DateTime), NULL, N'DE', N'PATENT', CAST(N'1995-01-01 00:00:00.000' AS DateTime), NULL)
INSERT [dbo].[BB_VALIDATION_MATRIX] ([BB_VALIDATION_MATRIX_ID], [APPLICATION_TYPE], [CHECK_NUM_EQUALITY], [END_FILING_DATE], [END_GRANT_DATE], [JURISDICTION], [NUMBER_TYPE], [START_FILING_DATE], [START_GRANT_DATE]) VALUES (58, N'ALL', N'APG', NULL, NULL, N'DE', N'PATENT', CAST(N'2004-01-01 00:00:00.000' AS DateTime), NULL)
INSERT [dbo].[BB_VALIDATION_MATRIX] ([BB_VALIDATION_MATRIX_ID], [APPLICATION_TYPE], [CHECK_NUM_EQUALITY], [END_FILING_DATE], [END_GRANT_DATE], [JURISDICTION], [NUMBER_TYPE], [START_FILING_DATE], [START_GRANT_DATE]) VALUES (59, N'ALL', N'APG', CAST(N'1995-01-01 00:00:00.000' AS DateTime), NULL, N'DE', N'PATENT', NULL, NULL)
INSERT [dbo].[BB_VALIDATION_MATRIX] ([BB_VALIDATION_MATRIX_ID], [APPLICATION_TYPE], [CHECK_NUM_EQUALITY], [END_FILING_DATE], [END_GRANT_DATE], [JURISDICTION], [NUMBER_TYPE], [START_FILING_DATE], [START_GRANT_DATE]) VALUES (60, N'ALL', N'APG', CAST(N'2003-12-31 00:00:00.000' AS DateTime), NULL, N'DE', N'PATENT', CAST(N'1995-01-01 00:00:00.000' AS DateTime), NULL)
INSERT [dbo].[BB_VALIDATION_MATRIX] ([BB_VALIDATION_MATRIX_ID], [APPLICATION_TYPE], [CHECK_NUM_EQUALITY], [END_FILING_DATE], [END_GRANT_DATE], [JURISDICTION], [NUMBER_TYPE], [START_FILING_DATE], [START_GRANT_DATE]) VALUES (61, N'ALL', N'APG', NULL, NULL, N'DE', N'PATENT', CAST(N'2004-01-01 00:00:00.000' AS DateTime), NULL)
INSERT [dbo].[BB_VALIDATION_MATRIX] ([BB_VALIDATION_MATRIX_ID], [APPLICATION_TYPE], [CHECK_NUM_EQUALITY], [END_FILING_DATE], [END_GRANT_DATE], [JURISDICTION], [NUMBER_TYPE], [START_FILING_DATE], [START_GRANT_DATE]) VALUES (62, N'ALL', N'NONE', NULL, NULL, N'KR', N'APPLICATION', NULL, NULL)
INSERT [dbo].[BB_VALIDATION_MATRIX] ([BB_VALIDATION_MATRIX_ID], [APPLICATION_TYPE], [CHECK_NUM_EQUALITY], [END_FILING_DATE], [END_GRANT_DATE], [JURISDICTION], [NUMBER_TYPE], [START_FILING_DATE], [START_GRANT_DATE]) VALUES (63, N'ALL', N'NONE', NULL, NULL, N'KR', N'PUBLICATION', NULL, NULL)
INSERT [dbo].[BB_VALIDATION_MATRIX] ([BB_VALIDATION_MATRIX_ID], [APPLICATION_TYPE], [CHECK_NUM_EQUALITY], [END_FILING_DATE], [END_GRANT_DATE], [JURISDICTION], [NUMBER_TYPE], [START_FILING_DATE], [START_GRANT_DATE]) VALUES (64, N'ALL', N'NONE', NULL, NULL, N'KR', N'PATENT', NULL, NULL)
INSERT [dbo].[BB_VALIDATION_MATRIX] ([BB_VALIDATION_MATRIX_ID], [APPLICATION_TYPE], [CHECK_NUM_EQUALITY], [END_FILING_DATE], [END_GRANT_DATE], [JURISDICTION], [NUMBER_TYPE], [START_FILING_DATE], [START_GRANT_DATE]) VALUES (65, N'ALL', N'NONE', NULL, NULL, N'TW', N'APPLICATION', NULL, NULL)
INSERT [dbo].[BB_VALIDATION_MATRIX] ([BB_VALIDATION_MATRIX_ID], [APPLICATION_TYPE], [CHECK_NUM_EQUALITY], [END_FILING_DATE], [END_GRANT_DATE], [JURISDICTION], [NUMBER_TYPE], [START_FILING_DATE], [START_GRANT_DATE]) VALUES (66, N'ALL', N'NONE', NULL, NULL, N'TW', N'PUBLICATION', NULL, NULL)
INSERT [dbo].[BB_VALIDATION_MATRIX] ([BB_VALIDATION_MATRIX_ID], [APPLICATION_TYPE], [CHECK_NUM_EQUALITY], [END_FILING_DATE], [END_GRANT_DATE], [JURISDICTION], [NUMBER_TYPE], [START_FILING_DATE], [START_GRANT_DATE]) VALUES (67, N'ALL', N'NONE', NULL, NULL, N'TW', N'PUBLICATION', NULL, NULL)
INSERT [dbo].[BB_VALIDATION_MATRIX] ([BB_VALIDATION_MATRIX_ID], [APPLICATION_TYPE], [CHECK_NUM_EQUALITY], [END_FILING_DATE], [END_GRANT_DATE], [JURISDICTION], [NUMBER_TYPE], [START_FILING_DATE], [START_GRANT_DATE]) VALUES (68, N'ALL', N'NONE', NULL, CAST(N'2004-07-01 00:00:00.000' AS DateTime), N'TW', N'PATENT', NULL, NULL)
INSERT [dbo].[BB_VALIDATION_MATRIX] ([BB_VALIDATION_MATRIX_ID], [APPLICATION_TYPE], [CHECK_NUM_EQUALITY], [END_FILING_DATE], [END_GRANT_DATE], [JURISDICTION], [NUMBER_TYPE], [START_FILING_DATE], [START_GRANT_DATE]) VALUES (69, N'ALL', N'NONE', NULL, NULL, N'TW', N'PATENT', NULL, CAST(N'2004-07-01 00:00:00.000' AS DateTime))
INSERT [dbo].[BB_VALIDATION_MATRIX] ([BB_VALIDATION_MATRIX_ID], [APPLICATION_TYPE], [CHECK_NUM_EQUALITY], [END_FILING_DATE], [END_GRANT_DATE], [JURISDICTION], [NUMBER_TYPE], [START_FILING_DATE], [START_GRANT_DATE]) VALUES (70, N'ALL', N'NONE', NULL, NULL, N'TW', N'PATENT', NULL, CAST(N'2004-07-01 00:00:00.000' AS DateTime))
INSERT [dbo].[BB_VALIDATION_MATRIX] ([BB_VALIDATION_MATRIX_ID], [APPLICATION_TYPE], [CHECK_NUM_EQUALITY], [END_FILING_DATE], [END_GRANT_DATE], [JURISDICTION], [NUMBER_TYPE], [START_FILING_DATE], [START_GRANT_DATE]) VALUES (71, N'ALL', N'NONE', NULL, NULL, N'TW', N'PATENT', NULL, CAST(N'2004-01-01 00:00:00.000' AS DateTime))
INSERT [dbo].[BB_VALIDATION_MATRIX] ([BB_VALIDATION_MATRIX_ID], [APPLICATION_TYPE], [CHECK_NUM_EQUALITY], [END_FILING_DATE], [END_GRANT_DATE], [JURISDICTION], [NUMBER_TYPE], [START_FILING_DATE], [START_GRANT_DATE]) VALUES (72, N'ALL', N'NONE', CAST(N'2000-01-01 00:00:00.000' AS DateTime), NULL, N'RU', N'APPLICATION', CAST(N'1995-01-01 00:00:00.000' AS DateTime), NULL)
INSERT [dbo].[BB_VALIDATION_MATRIX] ([BB_VALIDATION_MATRIX_ID], [APPLICATION_TYPE], [CHECK_NUM_EQUALITY], [END_FILING_DATE], [END_GRANT_DATE], [JURISDICTION], [NUMBER_TYPE], [START_FILING_DATE], [START_GRANT_DATE]) VALUES (73, N'ALL', N'NONE', NULL, NULL, N'RU', N'APPLICATION', CAST(N'2000-01-01 00:00:00.000' AS DateTime), NULL)
INSERT [dbo].[BB_VALIDATION_MATRIX] ([BB_VALIDATION_MATRIX_ID], [APPLICATION_TYPE], [CHECK_NUM_EQUALITY], [END_FILING_DATE], [END_GRANT_DATE], [JURISDICTION], [NUMBER_TYPE], [START_FILING_DATE], [START_GRANT_DATE]) VALUES (74, N'ALL', N'NONE', CAST(N'2000-01-01 00:00:00.000' AS DateTime), NULL, N'RU', N'PUBLICATION', NULL, NULL)
INSERT [dbo].[BB_VALIDATION_MATRIX] ([BB_VALIDATION_MATRIX_ID], [APPLICATION_TYPE], [CHECK_NUM_EQUALITY], [END_FILING_DATE], [END_GRANT_DATE], [JURISDICTION], [NUMBER_TYPE], [START_FILING_DATE], [START_GRANT_DATE]) VALUES (75, N'ALL', N'NONE', NULL, NULL, N'RU', N'PUBLICATION', CAST(N'2000-01-01 00:00:00.000' AS DateTime), NULL)
INSERT [dbo].[BB_VALIDATION_MATRIX] ([BB_VALIDATION_MATRIX_ID], [APPLICATION_TYPE], [CHECK_NUM_EQUALITY], [END_FILING_DATE], [END_GRANT_DATE], [JURISDICTION], [NUMBER_TYPE], [START_FILING_DATE], [START_GRANT_DATE]) VALUES (76, N'ALL', N'NONE', NULL, NULL, N'RU', N'PATENT', NULL, NULL)
INSERT [dbo].[BB_VALIDATION_MATRIX] ([BB_VALIDATION_MATRIX_ID], [APPLICATION_TYPE], [CHECK_NUM_EQUALITY], [END_FILING_DATE], [END_GRANT_DATE], [JURISDICTION], [NUMBER_TYPE], [START_FILING_DATE], [START_GRANT_DATE]) VALUES (77, N'ALL', N'NONE', NULL, NULL, N'CH', N'APPLICATION', NULL, NULL)
INSERT [dbo].[BB_VALIDATION_MATRIX] ([BB_VALIDATION_MATRIX_ID], [APPLICATION_TYPE], [CHECK_NUM_EQUALITY], [END_FILING_DATE], [END_GRANT_DATE], [JURISDICTION], [NUMBER_TYPE], [START_FILING_DATE], [START_GRANT_DATE]) VALUES (78, N'ALL', N'PG', NULL, NULL, N'CH', N'PUBLICATION', NULL, NULL)
INSERT [dbo].[BB_VALIDATION_MATRIX] ([BB_VALIDATION_MATRIX_ID], [APPLICATION_TYPE], [CHECK_NUM_EQUALITY], [END_FILING_DATE], [END_GRANT_DATE], [JURISDICTION], [NUMBER_TYPE], [START_FILING_DATE], [START_GRANT_DATE]) VALUES (79, N'ALL', N'PG', NULL, NULL, N'CH', N'PATENT', NULL, NULL)
INSERT [dbo].[BB_VALIDATION_MATRIX] ([BB_VALIDATION_MATRIX_ID], [APPLICATION_TYPE], [CHECK_NUM_EQUALITY], [END_FILING_DATE], [END_GRANT_DATE], [JURISDICTION], [NUMBER_TYPE], [START_FILING_DATE], [START_GRANT_DATE]) VALUES (80, N'ALL', N'APG', CAST(N'2012-01-01 00:00:00.000' AS DateTime), NULL, N'BR', N'APPLICATION', NULL, NULL)
INSERT [dbo].[BB_VALIDATION_MATRIX] ([BB_VALIDATION_MATRIX_ID], [APPLICATION_TYPE], [CHECK_NUM_EQUALITY], [END_FILING_DATE], [END_GRANT_DATE], [JURISDICTION], [NUMBER_TYPE], [START_FILING_DATE], [START_GRANT_DATE]) VALUES (81, N'ALL', N'APG', CAST(N'2012-01-01 00:00:00.000' AS DateTime), NULL, N'BR', N'APPLICATION', NULL, NULL)
INSERT [dbo].[BB_VALIDATION_MATRIX] ([BB_VALIDATION_MATRIX_ID], [APPLICATION_TYPE], [CHECK_NUM_EQUALITY], [END_FILING_DATE], [END_GRANT_DATE], [JURISDICTION], [NUMBER_TYPE], [START_FILING_DATE], [START_GRANT_DATE]) VALUES (82, N'ALL', N'APG', NULL, NULL, N'BR', N'APPLICATION', CAST(N'2012-01-01 00:00:00.000' AS DateTime), NULL)
INSERT [dbo].[BB_VALIDATION_MATRIX] ([BB_VALIDATION_MATRIX_ID], [APPLICATION_TYPE], [CHECK_NUM_EQUALITY], [END_FILING_DATE], [END_GRANT_DATE], [JURISDICTION], [NUMBER_TYPE], [START_FILING_DATE], [START_GRANT_DATE]) VALUES (83, N'ALL', N'APG', CAST(N'2012-01-01 00:00:00.000' AS DateTime), NULL, N'BR', N'APPLICATION', NULL, NULL)
INSERT [dbo].[BB_VALIDATION_MATRIX] ([BB_VALIDATION_MATRIX_ID], [APPLICATION_TYPE], [CHECK_NUM_EQUALITY], [END_FILING_DATE], [END_GRANT_DATE], [JURISDICTION], [NUMBER_TYPE], [START_FILING_DATE], [START_GRANT_DATE]) VALUES (84, N'ALL', N'APG', CAST(N'2012-01-01 00:00:00.000' AS DateTime), NULL, N'BR', N'APPLICATION', NULL, NULL)
INSERT [dbo].[BB_VALIDATION_MATRIX] ([BB_VALIDATION_MATRIX_ID], [APPLICATION_TYPE], [CHECK_NUM_EQUALITY], [END_FILING_DATE], [END_GRANT_DATE], [JURISDICTION], [NUMBER_TYPE], [START_FILING_DATE], [START_GRANT_DATE]) VALUES (85, N'ALL', N'APG', NULL, NULL, N'BR', N'APPLICATION', CAST(N'2012-01-01 00:00:00.000' AS DateTime), NULL)
INSERT [dbo].[BB_VALIDATION_MATRIX] ([BB_VALIDATION_MATRIX_ID], [APPLICATION_TYPE], [CHECK_NUM_EQUALITY], [END_FILING_DATE], [END_GRANT_DATE], [JURISDICTION], [NUMBER_TYPE], [START_FILING_DATE], [START_GRANT_DATE]) VALUES (86, N'ALL', N'APG', CAST(N'2012-01-01 00:00:00.000' AS DateTime), NULL, N'BR', N'PUBLICATION', NULL, NULL)
INSERT [dbo].[BB_VALIDATION_MATRIX] ([BB_VALIDATION_MATRIX_ID], [APPLICATION_TYPE], [CHECK_NUM_EQUALITY], [END_FILING_DATE], [END_GRANT_DATE], [JURISDICTION], [NUMBER_TYPE], [START_FILING_DATE], [START_GRANT_DATE]) VALUES (87, N'ALL', N'APG', CAST(N'2012-01-01 00:00:00.000' AS DateTime), NULL, N'BR', N'PUBLICATION', NULL, NULL)
INSERT [dbo].[BB_VALIDATION_MATRIX] ([BB_VALIDATION_MATRIX_ID], [APPLICATION_TYPE], [CHECK_NUM_EQUALITY], [END_FILING_DATE], [END_GRANT_DATE], [JURISDICTION], [NUMBER_TYPE], [START_FILING_DATE], [START_GRANT_DATE]) VALUES (88, N'ALL', N'APG', NULL, NULL, N'BR', N'PUBLICATION', CAST(N'2012-01-01 00:00:00.000' AS DateTime), NULL)
INSERT [dbo].[BB_VALIDATION_MATRIX] ([BB_VALIDATION_MATRIX_ID], [APPLICATION_TYPE], [CHECK_NUM_EQUALITY], [END_FILING_DATE], [END_GRANT_DATE], [JURISDICTION], [NUMBER_TYPE], [START_FILING_DATE], [START_GRANT_DATE]) VALUES (89, N'ALL', N'APG', CAST(N'2012-01-01 00:00:00.000' AS DateTime), NULL, N'BR', N'PUBLICATION', NULL, NULL)
INSERT [dbo].[BB_VALIDATION_MATRIX] ([BB_VALIDATION_MATRIX_ID], [APPLICATION_TYPE], [CHECK_NUM_EQUALITY], [END_FILING_DATE], [END_GRANT_DATE], [JURISDICTION], [NUMBER_TYPE], [START_FILING_DATE], [START_GRANT_DATE]) VALUES (90, N'ALL', N'APG', CAST(N'2012-01-01 00:00:00.000' AS DateTime), NULL, N'BR', N'PUBLICATION', NULL, NULL)
INSERT [dbo].[BB_VALIDATION_MATRIX] ([BB_VALIDATION_MATRIX_ID], [APPLICATION_TYPE], [CHECK_NUM_EQUALITY], [END_FILING_DATE], [END_GRANT_DATE], [JURISDICTION], [NUMBER_TYPE], [START_FILING_DATE], [START_GRANT_DATE]) VALUES (91, N'ALL', N'APG', NULL, NULL, N'BR', N'PUBLICATION', CAST(N'2012-01-01 00:00:00.000' AS DateTime), NULL)
INSERT [dbo].[BB_VALIDATION_MATRIX] ([BB_VALIDATION_MATRIX_ID], [APPLICATION_TYPE], [CHECK_NUM_EQUALITY], [END_FILING_DATE], [END_GRANT_DATE], [JURISDICTION], [NUMBER_TYPE], [START_FILING_DATE], [START_GRANT_DATE]) VALUES (92, N'ALL', N'APG', CAST(N'2012-01-01 00:00:00.000' AS DateTime), NULL, N'BR', N'PATENT', NULL, NULL)
INSERT [dbo].[BB_VALIDATION_MATRIX] ([BB_VALIDATION_MATRIX_ID], [APPLICATION_TYPE], [CHECK_NUM_EQUALITY], [END_FILING_DATE], [END_GRANT_DATE], [JURISDICTION], [NUMBER_TYPE], [START_FILING_DATE], [START_GRANT_DATE]) VALUES (93, N'ALL', N'APG', CAST(N'2012-01-01 00:00:00.000' AS DateTime), NULL, N'BR', N'PATENT', NULL, NULL)
INSERT [dbo].[BB_VALIDATION_MATRIX] ([BB_VALIDATION_MATRIX_ID], [APPLICATION_TYPE], [CHECK_NUM_EQUALITY], [END_FILING_DATE], [END_GRANT_DATE], [JURISDICTION], [NUMBER_TYPE], [START_FILING_DATE], [START_GRANT_DATE]) VALUES (94, N'ALL', N'APG', NULL, NULL, N'BR', N'PATENT', CAST(N'2012-01-01 00:00:00.000' AS DateTime), NULL)
INSERT [dbo].[BB_VALIDATION_MATRIX] ([BB_VALIDATION_MATRIX_ID], [APPLICATION_TYPE], [CHECK_NUM_EQUALITY], [END_FILING_DATE], [END_GRANT_DATE], [JURISDICTION], [NUMBER_TYPE], [START_FILING_DATE], [START_GRANT_DATE]) VALUES (95, N'ALL', N'APG', CAST(N'2012-01-01 00:00:00.000' AS DateTime), NULL, N'BR', N'PATENT', NULL, NULL)
INSERT [dbo].[BB_VALIDATION_MATRIX] ([BB_VALIDATION_MATRIX_ID], [APPLICATION_TYPE], [CHECK_NUM_EQUALITY], [END_FILING_DATE], [END_GRANT_DATE], [JURISDICTION], [NUMBER_TYPE], [START_FILING_DATE], [START_GRANT_DATE]) VALUES (96, N'ALL', N'APG', CAST(N'2012-01-01 00:00:00.000' AS DateTime), NULL, N'BR', N'PATENT', NULL, NULL)
INSERT [dbo].[BB_VALIDATION_MATRIX] ([BB_VALIDATION_MATRIX_ID], [APPLICATION_TYPE], [CHECK_NUM_EQUALITY], [END_FILING_DATE], [END_GRANT_DATE], [JURISDICTION], [NUMBER_TYPE], [START_FILING_DATE], [START_GRANT_DATE]) VALUES (97, N'ALL', N'APG', NULL, NULL, N'BR', N'PATENT', CAST(N'2012-01-01 00:00:00.000' AS DateTime), NULL)
INSERT [dbo].[BB_VALIDATION_MATRIX] ([BB_VALIDATION_MATRIX_ID], [APPLICATION_TYPE], [CHECK_NUM_EQUALITY], [END_FILING_DATE], [END_GRANT_DATE], [JURISDICTION], [NUMBER_TYPE], [START_FILING_DATE], [START_GRANT_DATE]) VALUES (98, N'ALL', N'NONE', CAST(N'2000-01-01 00:00:00.000' AS DateTime), NULL, N'ES', N'APPLICATION', NULL, NULL)
INSERT [dbo].[BB_VALIDATION_MATRIX] ([BB_VALIDATION_MATRIX_ID], [APPLICATION_TYPE], [CHECK_NUM_EQUALITY], [END_FILING_DATE], [END_GRANT_DATE], [JURISDICTION], [NUMBER_TYPE], [START_FILING_DATE], [START_GRANT_DATE]) VALUES (99, N'ALL', N'NONE', NULL, NULL, N'ES', N'APPLICATION', CAST(N'2000-01-01 00:00:00.000' AS DateTime), NULL)
INSERT [dbo].[BB_VALIDATION_MATRIX] ([BB_VALIDATION_MATRIX_ID], [APPLICATION_TYPE], [CHECK_NUM_EQUALITY], [END_FILING_DATE], [END_GRANT_DATE], [JURISDICTION], [NUMBER_TYPE], [START_FILING_DATE], [START_GRANT_DATE]) VALUES (100, N'ALL', N'PG', NULL, NULL, N'ES', N'PUBLICATION', NULL, NULL)

INSERT [dbo].[BB_VALIDATION_MATRIX] ([BB_VALIDATION_MATRIX_ID], [APPLICATION_TYPE], [CHECK_NUM_EQUALITY], [END_FILING_DATE], [END_GRANT_DATE], [JURISDICTION], [NUMBER_TYPE], [START_FILING_DATE], [START_GRANT_DATE]) VALUES (101, N'ALL', N'PG', NULL, NULL, N'ES', N'PATENT', NULL, NULL)
INSERT [dbo].[BB_VALIDATION_MATRIX] ([BB_VALIDATION_MATRIX_ID], [APPLICATION_TYPE], [CHECK_NUM_EQUALITY], [END_FILING_DATE], [END_GRANT_DATE], [JURISDICTION], [NUMBER_TYPE], [START_FILING_DATE], [START_GRANT_DATE]) VALUES (102, N'ALL', N'APG', NULL, NULL, N'NZ', N'APPLICATION', NULL, NULL)
INSERT [dbo].[BB_VALIDATION_MATRIX] ([BB_VALIDATION_MATRIX_ID], [APPLICATION_TYPE], [CHECK_NUM_EQUALITY], [END_FILING_DATE], [END_GRANT_DATE], [JURISDICTION], [NUMBER_TYPE], [START_FILING_DATE], [START_GRANT_DATE]) VALUES (103, N'ALL', N'APG', NULL, NULL, N'NZ', N'PUBLICATION', NULL, NULL)
INSERT [dbo].[BB_VALIDATION_MATRIX] ([BB_VALIDATION_MATRIX_ID], [APPLICATION_TYPE], [CHECK_NUM_EQUALITY], [END_FILING_DATE], [END_GRANT_DATE], [JURISDICTION], [NUMBER_TYPE], [START_FILING_DATE], [START_GRANT_DATE]) VALUES (104, N'ALL', N'APG', NULL, NULL, N'NZ', N'PATENT', NULL, NULL)
INSERT [dbo].[BB_VALIDATION_MATRIX] ([BB_VALIDATION_MATRIX_ID], [APPLICATION_TYPE], [CHECK_NUM_EQUALITY], [END_FILING_DATE], [END_GRANT_DATE], [JURISDICTION], [NUMBER_TYPE], [START_FILING_DATE], [START_GRANT_DATE]) VALUES (105, N'ALL', N'NONE', NULL, NULL, N'SE', N'APPLICATION', NULL, NULL)
INSERT [dbo].[BB_VALIDATION_MATRIX] ([BB_VALIDATION_MATRIX_ID], [APPLICATION_TYPE], [CHECK_NUM_EQUALITY], [END_FILING_DATE], [END_GRANT_DATE], [JURISDICTION], [NUMBER_TYPE], [START_FILING_DATE], [START_GRANT_DATE]) VALUES (106, N'ALL', N'NONE', NULL, NULL, N'SE', N'APPLICATION', NULL, NULL)
INSERT [dbo].[BB_VALIDATION_MATRIX] ([BB_VALIDATION_MATRIX_ID], [APPLICATION_TYPE], [CHECK_NUM_EQUALITY], [END_FILING_DATE], [END_GRANT_DATE], [JURISDICTION], [NUMBER_TYPE], [START_FILING_DATE], [START_GRANT_DATE]) VALUES (107, N'ALL', N'PG', NULL, NULL, N'SE', N'PUBLICATION', NULL, NULL)
INSERT [dbo].[BB_VALIDATION_MATRIX] ([BB_VALIDATION_MATRIX_ID], [APPLICATION_TYPE], [CHECK_NUM_EQUALITY], [END_FILING_DATE], [END_GRANT_DATE], [JURISDICTION], [NUMBER_TYPE], [START_FILING_DATE], [START_GRANT_DATE]) VALUES (108, N'ALL', N'PG', NULL, NULL, N'SE', N'PATENT', NULL, NULL)
INSERT [dbo].[BB_VALIDATION_MATRIX] ([BB_VALIDATION_MATRIX_ID], [APPLICATION_TYPE], [CHECK_NUM_EQUALITY], [END_FILING_DATE], [END_GRANT_DATE], [JURISDICTION], [NUMBER_TYPE], [START_FILING_DATE], [START_GRANT_DATE]) VALUES (109, N'ALL', N'AP', NULL, NULL, N'DK', N'APPLICATION', NULL, NULL)
INSERT [dbo].[BB_VALIDATION_MATRIX] ([BB_VALIDATION_MATRIX_ID], [APPLICATION_TYPE], [CHECK_NUM_EQUALITY], [END_FILING_DATE], [END_GRANT_DATE], [JURISDICTION], [NUMBER_TYPE], [START_FILING_DATE], [START_GRANT_DATE]) VALUES (110, N'ALL', N'AP', NULL, NULL, N'DK', N'APPLICATION', NULL, NULL)
INSERT [dbo].[BB_VALIDATION_MATRIX] ([BB_VALIDATION_MATRIX_ID], [APPLICATION_TYPE], [CHECK_NUM_EQUALITY], [END_FILING_DATE], [END_GRANT_DATE], [JURISDICTION], [NUMBER_TYPE], [START_FILING_DATE], [START_GRANT_DATE]) VALUES (111, N'ALL', N'AP', NULL, NULL, N'DK', N'PUBLICATION', NULL, NULL)
INSERT [dbo].[BB_VALIDATION_MATRIX] ([BB_VALIDATION_MATRIX_ID], [APPLICATION_TYPE], [CHECK_NUM_EQUALITY], [END_FILING_DATE], [END_GRANT_DATE], [JURISDICTION], [NUMBER_TYPE], [START_FILING_DATE], [START_GRANT_DATE]) VALUES (112, N'ALL', N'AP', NULL, NULL, N'DK', N'PUBLICATION', NULL, NULL)
INSERT [dbo].[BB_VALIDATION_MATRIX] ([BB_VALIDATION_MATRIX_ID], [APPLICATION_TYPE], [CHECK_NUM_EQUALITY], [END_FILING_DATE], [END_GRANT_DATE], [JURISDICTION], [NUMBER_TYPE], [START_FILING_DATE], [START_GRANT_DATE]) VALUES (113, N'ALL', N'START_PA', NULL, NULL, N'DK', N'PATENT', NULL, NULL)
INSERT [dbo].[BB_VALIDATION_MATRIX] ([BB_VALIDATION_MATRIX_ID], [APPLICATION_TYPE], [CHECK_NUM_EQUALITY], [END_FILING_DATE], [END_GRANT_DATE], [JURISDICTION], [NUMBER_TYPE], [START_FILING_DATE], [START_GRANT_DATE]) VALUES (114, N'ALL', N'START_BR', NULL, NULL, N'DK', N'PATENT', NULL, NULL)
SET IDENTITY_INSERT [dbo].[BB_VALIDATION_MATRIX] OFF
SET IDENTITY_INSERT [dbo].[BB_VALID_FORMAT] ON 

INSERT [dbo].[BB_VALID_FORMAT] ([BB_VALID_FORMAT_ID], [CONVERTER_STRATEGY], [REGEX_PATTERN], [REQ_FORMAT], [VALID_FORMAT], [BB_VALIDATION_MATRIX_ID]) VALUES (1, N'REMOVE_CHARACTER', N'[0-9]{2}/[0-9]{6}', N'ssnnnnnn', N'ss/nnnnnn', 1)
INSERT [dbo].[BB_VALID_FORMAT] ([BB_VALID_FORMAT_ID], [CONVERTER_STRATEGY], [REGEX_PATTERN], [REQ_FORMAT], [VALID_FORMAT], [BB_VALIDATION_MATRIX_ID]) VALUES (2, N'REMOVE_CHARACTER', N'[0-9]{2}/[0-9]{3},[0-9]{3}', N'ssnnnnnn', N'ss/nnn,nnn', 1)
INSERT [dbo].[BB_VALID_FORMAT] ([BB_VALID_FORMAT_ID], [CONVERTER_STRATEGY], [REGEX_PATTERN], [REQ_FORMAT], [VALID_FORMAT], [BB_VALIDATION_MATRIX_ID]) VALUES (3, N'REMOVE_CHARACTER', N'[0-9]{8}', N'ssnnnnnn', N'ssnnnnnn', 1)
INSERT [dbo].[BB_VALID_FORMAT] ([BB_VALID_FORMAT_ID], [CONVERTER_STRATEGY], [REGEX_PATTERN], [REQ_FORMAT], [VALID_FORMAT], [BB_VALIDATION_MATRIX_ID]) VALUES (4, N'REMOVE_CHARACTER', N'[0-9]{11}', N'ccyynnnnnnn', N'ccyynnnnnnn', 2)
INSERT [dbo].[BB_VALID_FORMAT] ([BB_VALID_FORMAT_ID], [CONVERTER_STRATEGY], [REGEX_PATTERN], [REQ_FORMAT], [VALID_FORMAT], [BB_VALIDATION_MATRIX_ID]) VALUES (5, N'REMOVE_CHARACTER', N'[0-9]{4}-[0-9]{7}', N'ccyynnnnnnn', N'ccyy-nnnnnnn', 2)
INSERT [dbo].[BB_VALID_FORMAT] ([BB_VALID_FORMAT_ID], [CONVERTER_STRATEGY], [REGEX_PATTERN], [REQ_FORMAT], [VALID_FORMAT], [BB_VALIDATION_MATRIX_ID]) VALUES (6, N'REMOVE_CHARACTER', N'[0-9]{7}', N'nnnnnnn', N'nnnnnnn', 3)
INSERT [dbo].[BB_VALID_FORMAT] ([BB_VALID_FORMAT_ID], [CONVERTER_STRATEGY], [REGEX_PATTERN], [REQ_FORMAT], [VALID_FORMAT], [BB_VALIDATION_MATRIX_ID]) VALUES (7, N'REMOVE_CHARACTER', N'[0-9],[0-9]{3},[0-9]{3}', N'nnnnnnn', N'n,nnn,nnn', 3)
INSERT [dbo].[BB_VALID_FORMAT] ([BB_VALID_FORMAT_ID], [CONVERTER_STRATEGY], [REGEX_PATTERN], [REQ_FORMAT], [VALID_FORMAT], [BB_VALIDATION_MATRIX_ID]) VALUES (8, N'ADD_YEAR', N'PCT/US[0-9]{2}/[0-9]{5}', N'PCT/USccyy/nnnnnn', N'PCT/USyy/nnnnn', 4)
INSERT [dbo].[BB_VALID_FORMAT] ([BB_VALID_FORMAT_ID], [CONVERTER_STRATEGY], [REGEX_PATTERN], [REQ_FORMAT], [VALID_FORMAT], [BB_VALIDATION_MATRIX_ID]) VALUES (9, N'CORRECT_FORMAT', N'PCT/US[0-9]{4}/[0-9]{6}', N'PCT/USccyy/nnnnnn', N'PCT/USccyy/nnnnnn', 4)
INSERT [dbo].[BB_VALID_FORMAT] ([BB_VALID_FORMAT_ID], [CONVERTER_STRATEGY], [REGEX_PATTERN], [REQ_FORMAT], [VALID_FORMAT], [BB_VALIDATION_MATRIX_ID]) VALUES (10, N'ADD_YEAR', N'PCT/US[0-9]{2}/[0-9]{5}', N'PCT/USccyy/nnnnnn', N'PCT/USyy/nnnnn', 6)
INSERT [dbo].[BB_VALID_FORMAT] ([BB_VALID_FORMAT_ID], [CONVERTER_STRATEGY], [REGEX_PATTERN], [REQ_FORMAT], [VALID_FORMAT], [BB_VALIDATION_MATRIX_ID]) VALUES (11, N'CORRECT_FORMAT', N'PCT/US[0-9]{4}/[0-9]{6}', N'PCT/USccyy/nnnnnn', N'PCT/USccyy/nnnnnn', 6)
INSERT [dbo].[BB_VALID_FORMAT] ([BB_VALID_FORMAT_ID], [CONVERTER_STRATEGY], [REGEX_PATTERN], [REQ_FORMAT], [VALID_FORMAT], [BB_VALIDATION_MATRIX_ID]) VALUES (12, N'ADD_YEAR', N'PCT/[A-Z]{2}[0-9]{2}/[0-9]{5}', N'PCT/CCccyy/nnnnnn', N'PCT/CCyy/nnnnn', 7)
INSERT [dbo].[BB_VALID_FORMAT] ([BB_VALID_FORMAT_ID], [CONVERTER_STRATEGY], [REGEX_PATTERN], [REQ_FORMAT], [VALID_FORMAT], [BB_VALIDATION_MATRIX_ID]) VALUES (13, N'CORRECT_FORMAT', N'PCT/[A-Z]{2}[0-9]{4}/[0-9]{6}', N'PCT/CCccyy/nnnnnn', N'PCT/CCccyy/nnnnnn', 7)
INSERT [dbo].[BB_VALID_FORMAT] ([BB_VALID_FORMAT_ID], [CONVERTER_STRATEGY], [REGEX_PATTERN], [REQ_FORMAT], [VALID_FORMAT], [BB_VALIDATION_MATRIX_ID]) VALUES (14, N'ADD_WO', N'[0-9]{4}/[0-9]{6}', N'WO/ccyy/nnnnnn', N'ccyy/nnnnnn', 8)
INSERT [dbo].[BB_VALID_FORMAT] ([BB_VALID_FORMAT_ID], [CONVERTER_STRATEGY], [REGEX_PATTERN], [REQ_FORMAT], [VALID_FORMAT], [BB_VALIDATION_MATRIX_ID]) VALUES (15, N'CORRECT_FORMAT', N'WO/[0-9]{4}/[0-9]{6}', N'WO/ccyy/nnnnnn', N'WO/ccyy/nnnnnn', 8)
INSERT [dbo].[BB_VALID_FORMAT] ([BB_VALID_FORMAT_ID], [CONVERTER_STRATEGY], [REGEX_PATTERN], [REQ_FORMAT], [VALID_FORMAT], [BB_VALIDATION_MATRIX_ID]) VALUES (16, N'ADD_WO', N'[0-9]{2}/[0-9]{5}', N'WO/ccyy/nnnnnn', N'yy/nnnnn', 8)
INSERT [dbo].[BB_VALID_FORMAT] ([BB_VALID_FORMAT_ID], [CONVERTER_STRATEGY], [REGEX_PATTERN], [REQ_FORMAT], [VALID_FORMAT], [BB_VALIDATION_MATRIX_ID]) VALUES (17, N'ADD_WO', N'WO/[0-9]{2}/[0-9]{5}', N'WO/ccyy/nnnnnn', N'WO/yy/nnnnn', 8)
INSERT [dbo].[BB_VALID_FORMAT] ([BB_VALID_FORMAT_ID], [CONVERTER_STRATEGY], [REGEX_PATTERN], [REQ_FORMAT], [VALID_FORMAT], [BB_VALIDATION_MATRIX_ID]) VALUES (18, N'REMOVE_DIGIT', N'[0-9]{8}.[0-9]', N'yynnnnnn', N'yynnnnnn.k', 9)
INSERT [dbo].[BB_VALID_FORMAT] ([BB_VALID_FORMAT_ID], [CONVERTER_STRATEGY], [REGEX_PATTERN], [REQ_FORMAT], [VALID_FORMAT], [BB_VALIDATION_MATRIX_ID]) VALUES (19, N'CORRECT_FORMAT', N'[0-9]{8}', N'yynnnnnn', N'yynnnnnn', 9)
INSERT [dbo].[BB_VALID_FORMAT] ([BB_VALID_FORMAT_ID], [CONVERTER_STRATEGY], [REGEX_PATTERN], [REQ_FORMAT], [VALID_FORMAT], [BB_VALIDATION_MATRIX_ID]) VALUES (20, N'CORRECT_FORMAT', N'[0-9]{7}', N'nnnnnnn', N'nnnnnnn', 10)
INSERT [dbo].[BB_VALID_FORMAT] ([BB_VALID_FORMAT_ID], [CONVERTER_STRATEGY], [REGEX_PATTERN], [REQ_FORMAT], [VALID_FORMAT], [BB_VALIDATION_MATRIX_ID]) VALUES (21, N'CORRECT_FORMAT', N'[0-9]{7}', N'nnnnnnn', N'nnnnnnn', 11)
INSERT [dbo].[BB_VALID_FORMAT] ([BB_VALID_FORMAT_ID], [CONVERTER_STRATEGY], [REGEX_PATTERN], [REQ_FORMAT], [VALID_FORMAT], [BB_VALIDATION_MATRIX_ID]) VALUES (22, N'CORRECT_FORMAT', N'[0-9]{7}', N'nnnnnyy', N'nnnnnyy', 12)
INSERT [dbo].[BB_VALID_FORMAT] ([BB_VALID_FORMAT_ID], [CONVERTER_STRATEGY], [REGEX_PATTERN], [REQ_FORMAT], [VALID_FORMAT], [BB_VALIDATION_MATRIX_ID]) VALUES (23, N'CORRECT_FORMAT', N'[0-9]{10}', N'ccyynnnnnn', N'ccyynnnnnn', 13)
INSERT [dbo].[BB_VALID_FORMAT] ([BB_VALID_FORMAT_ID], [CONVERTER_STRATEGY], [REGEX_PATTERN], [REQ_FORMAT], [VALID_FORMAT], [BB_VALIDATION_MATRIX_ID]) VALUES (24, N'CORRECT_FORMAT', N'[0-9]{7}', N'nnnnnyy', N'nnnnnyy', 14)
INSERT [dbo].[BB_VALID_FORMAT] ([BB_VALID_FORMAT_ID], [CONVERTER_STRATEGY], [REGEX_PATTERN], [REQ_FORMAT], [VALID_FORMAT], [BB_VALIDATION_MATRIX_ID]) VALUES (25, N'CORRECT_FORMAT', N'[0-9]{10}', N'ccyynnnnnn', N'ccyynnnnnn', 15)
INSERT [dbo].[BB_VALID_FORMAT] ([BB_VALID_FORMAT_ID], [CONVERTER_STRATEGY], [REGEX_PATTERN], [REQ_FORMAT], [VALID_FORMAT], [BB_VALIDATION_MATRIX_ID]) VALUES (26, N'CORRECT_FORMAT', N'[0-9]{6}', N'nnnnnn', N'nnnnnn', 16)
INSERT [dbo].[BB_VALID_FORMAT] ([BB_VALID_FORMAT_ID], [CONVERTER_STRATEGY], [REGEX_PATTERN], [REQ_FORMAT], [VALID_FORMAT], [BB_VALIDATION_MATRIX_ID]) VALUES (27, N'CORRECT_FORMAT', N'[0-9]{10}', N'ccyynnnnnn', N'ccyynnnnnn', 17)
INSERT [dbo].[BB_VALID_FORMAT] ([BB_VALID_FORMAT_ID], [CONVERTER_STRATEGY], [REGEX_PATTERN], [REQ_FORMAT], [VALID_FORMAT], [BB_VALIDATION_MATRIX_ID]) VALUES (28, N'REMOVE_DIGIT', N'[0-9]{8}.[0-9]', N'yynnnnnn', N'yynnnnnn.k', 18)
INSERT [dbo].[BB_VALID_FORMAT] ([BB_VALID_FORMAT_ID], [CONVERTER_STRATEGY], [REGEX_PATTERN], [REQ_FORMAT], [VALID_FORMAT], [BB_VALIDATION_MATRIX_ID]) VALUES (29, N'CORRECT_FORMAT', N'[0-9]{8}', N'yynnnnnn', N'yynnnnnn', 19)
INSERT [dbo].[BB_VALID_FORMAT] ([BB_VALID_FORMAT_ID], [CONVERTER_STRATEGY], [REGEX_PATTERN], [REQ_FORMAT], [VALID_FORMAT], [BB_VALIDATION_MATRIX_ID]) VALUES (30, N'CORRECT_FORMAT', N'[0-9]{7}', N'nnnnnnn', N'nnnnnnn', 20)
INSERT [dbo].[BB_VALID_FORMAT] ([BB_VALID_FORMAT_ID], [CONVERTER_STRATEGY], [REGEX_PATTERN], [REQ_FORMAT], [VALID_FORMAT], [BB_VALIDATION_MATRIX_ID]) VALUES (31, N'CORRECT_FORMAT', N'[0-9]{7}', N'nnnnnnn', N'nnnnnnn', 21)
INSERT [dbo].[BB_VALID_FORMAT] ([BB_VALID_FORMAT_ID], [CONVERTER_STRATEGY], [REGEX_PATTERN], [REQ_FORMAT], [VALID_FORMAT], [BB_VALIDATION_MATRIX_ID]) VALUES (32, N'CORRECT_FORMAT', N'[0-9]{6}', N'nnnnnn', N'nnnnnn', 22)
INSERT [dbo].[BB_VALID_FORMAT] ([BB_VALID_FORMAT_ID], [CONVERTER_STRATEGY], [REGEX_PATTERN], [REQ_FORMAT], [VALID_FORMAT], [BB_VALIDATION_MATRIX_ID]) VALUES (33, N'CORRECT_FORMAT', N'2[0-9]{6}', N'2nnnnnn', N'2nnnnnn', 23)
INSERT [dbo].[BB_VALID_FORMAT] ([BB_VALID_FORMAT_ID], [CONVERTER_STRATEGY], [REGEX_PATTERN], [REQ_FORMAT], [VALID_FORMAT], [BB_VALIDATION_MATRIX_ID]) VALUES (34, N'CORRECT_FORMAT', N'1[0-9]{6}', N'1nnnnnn', N'1nnnnnn', 24)
INSERT [dbo].[BB_VALID_FORMAT] ([BB_VALID_FORMAT_ID], [CONVERTER_STRATEGY], [REGEX_PATTERN], [REQ_FORMAT], [VALID_FORMAT], [BB_VALIDATION_MATRIX_ID]) VALUES (35, N'CORRECT_FORMAT', N'2[0-9]{6}', N'2nnnnnn', N'2nnnnnn', 25)
INSERT [dbo].[BB_VALID_FORMAT] ([BB_VALID_FORMAT_ID], [CONVERTER_STRATEGY], [REGEX_PATTERN], [REQ_FORMAT], [VALID_FORMAT], [BB_VALIDATION_MATRIX_ID]) VALUES (36, N'CORRECT_FORMAT', N'1[0-9]{6}', N'1nnnnnn', N'1nnnnnn', 26)
INSERT [dbo].[BB_VALID_FORMAT] ([BB_VALID_FORMAT_ID], [CONVERTER_STRATEGY], [REGEX_PATTERN], [REQ_FORMAT], [VALID_FORMAT], [BB_VALIDATION_MATRIX_ID]) VALUES (37, N'CORRECT_FORMAT', N'2[0-9]{6}', N'2nnnnnn', N'2nnnnnn', 27)
INSERT [dbo].[BB_VALID_FORMAT] ([BB_VALID_FORMAT_ID], [CONVERTER_STRATEGY], [REGEX_PATTERN], [REQ_FORMAT], [VALID_FORMAT], [BB_VALIDATION_MATRIX_ID]) VALUES (38, N'CORRECT_FORMAT', N'[0-9]{7}', N'yynnnnn', N'yynnnnn', 28)
INSERT [dbo].[BB_VALID_FORMAT] ([BB_VALID_FORMAT_ID], [CONVERTER_STRATEGY], [REGEX_PATTERN], [REQ_FORMAT], [VALID_FORMAT], [BB_VALIDATION_MATRIX_ID]) VALUES (39, N'CORRECT_FORMAT', N'[0-9]{7}', N'nnnnnnn', N'nnnnnnn', 29)
INSERT [dbo].[BB_VALID_FORMAT] ([BB_VALID_FORMAT_ID], [CONVERTER_STRATEGY], [REGEX_PATTERN], [REQ_FORMAT], [VALID_FORMAT], [BB_VALIDATION_MATRIX_ID]) VALUES (40, N'CORRECT_FORMAT', N'[0-9]{7}', N'nnnnnnn', N'nnnnnnn', 30)
INSERT [dbo].[BB_VALID_FORMAT] ([BB_VALID_FORMAT_ID], [CONVERTER_STRATEGY], [REGEX_PATTERN], [REQ_FORMAT], [VALID_FORMAT], [BB_VALIDATION_MATRIX_ID]) VALUES (41, N'NUMBER_TO_YEAR', N'[0-9]{2}-[0-9]{6}', N'ccyynnnnnn', N' ey-nnnnnn', 31)
INSERT [dbo].[BB_VALID_FORMAT] ([BB_VALID_FORMAT_ID], [CONVERTER_STRATEGY], [REGEX_PATTERN], [REQ_FORMAT], [VALID_FORMAT], [BB_VALIDATION_MATRIX_ID]) VALUES (42, N'REMOVE_CHARACTER', N'[0-9]{4}-[0-9]{6}', N'ccyynnnnnn', N'ccyy-nnnnnn', 32)
INSERT [dbo].[BB_VALID_FORMAT] ([BB_VALID_FORMAT_ID], [CONVERTER_STRATEGY], [REGEX_PATTERN], [REQ_FORMAT], [VALID_FORMAT], [BB_VALIDATION_MATRIX_ID]) VALUES (43, N'NUMBER_TO_YEAR', N'[0-9]{2}-[0-9]{6}', N'ccyynnnnnn', N'ey-nnnnnn', 33)
INSERT [dbo].[BB_VALID_FORMAT] ([BB_VALID_FORMAT_ID], [CONVERTER_STRATEGY], [REGEX_PATTERN], [REQ_FORMAT], [VALID_FORMAT], [BB_VALIDATION_MATRIX_ID]) VALUES (44, N'REMOVE_CHARACTER', N'[0-9]{4}-[0-9]{6}', N'ccyynnnnnn', N'ccyy-nnnnnn', 34)
INSERT [dbo].[BB_VALID_FORMAT] ([BB_VALID_FORMAT_ID], [CONVERTER_STRATEGY], [REGEX_PATTERN], [REQ_FORMAT], [VALID_FORMAT], [BB_VALIDATION_MATRIX_ID]) VALUES (45, N'CORRECT_FORMAT', N'[0-9]{7}', N'nnnnnnn', N'nnnnnnn', 35)
INSERT [dbo].[BB_VALID_FORMAT] ([BB_VALID_FORMAT_ID], [CONVERTER_STRATEGY], [REGEX_PATTERN], [REQ_FORMAT], [VALID_FORMAT], [BB_VALIDATION_MATRIX_ID]) VALUES (46, N'REMOVE_DIGIT', N'[0-9]{8}.[0-9]', N'yynnnnnn', N'yynnnnnn.k', 36)
INSERT [dbo].[BB_VALID_FORMAT] ([BB_VALID_FORMAT_ID], [CONVERTER_STRATEGY], [REGEX_PATTERN], [REQ_FORMAT], [VALID_FORMAT], [BB_VALIDATION_MATRIX_ID]) VALUES (47, N'CORRECT_FORMAT', N'[0-9]{8}', N'yynnnnnn', N'yynnnnnn', 37)
INSERT [dbo].[BB_VALID_FORMAT] ([BB_VALID_FORMAT_ID], [CONVERTER_STRATEGY], [REGEX_PATTERN], [REQ_FORMAT], [VALID_FORMAT], [BB_VALIDATION_MATRIX_ID]) VALUES (48, N'REMOVE_DIGIT', N'[0-9]{12}.[0-9]', N'ccyynnnnnnnn', N'ccyynnnnnnnn.k', 38)
INSERT [dbo].[BB_VALID_FORMAT] ([BB_VALID_FORMAT_ID], [CONVERTER_STRATEGY], [REGEX_PATTERN], [REQ_FORMAT], [VALID_FORMAT], [BB_VALIDATION_MATRIX_ID]) VALUES (49, N'CORRECT_FORMAT', N'[0-9]{12}', N'ccyynnnnnnnn', N'ccyynnnnnnnn', 39)
INSERT [dbo].[BB_VALID_FORMAT] ([BB_VALID_FORMAT_ID], [CONVERTER_STRATEGY], [REGEX_PATTERN], [REQ_FORMAT], [VALID_FORMAT], [BB_VALIDATION_MATRIX_ID]) VALUES (50, N'CORRECT_FORMAT', N'[0-9]{7}', N'nnnnnnn', N'nnnnnnn', 40)
INSERT [dbo].[BB_VALID_FORMAT] ([BB_VALID_FORMAT_ID], [CONVERTER_STRATEGY], [REGEX_PATTERN], [REQ_FORMAT], [VALID_FORMAT], [BB_VALIDATION_MATRIX_ID]) VALUES (51, N'CORRECT_FORMAT', N'[0-9]{9}', N'nnnnnnnnn', N'nnnnnnnnn', 41)
INSERT [dbo].[BB_VALID_FORMAT] ([BB_VALID_FORMAT_ID], [CONVERTER_STRATEGY], [REGEX_PATTERN], [REQ_FORMAT], [VALID_FORMAT], [BB_VALIDATION_MATRIX_ID]) VALUES (52, N'CORRECT_FORMAT', N'[0-9]{7}', N'nnnnnnn', N'nnnnnnn', 42)
INSERT [dbo].[BB_VALID_FORMAT] ([BB_VALID_FORMAT_ID], [CONVERTER_STRATEGY], [REGEX_PATTERN], [REQ_FORMAT], [VALID_FORMAT], [BB_VALIDATION_MATRIX_ID]) VALUES (53, N'CORRECT_FORMAT', N'[0-9]{9}', N'nnnnnnnnn', N'nnnnnnnnn', 43)
INSERT [dbo].[BB_VALID_FORMAT] ([BB_VALID_FORMAT_ID], [CONVERTER_STRATEGY], [REGEX_PATTERN], [REQ_FORMAT], [VALID_FORMAT], [BB_VALIDATION_MATRIX_ID]) VALUES (54, N'VALIDATE_YEAR', N'^(P|p)[0-9]{7}.[0-9]', N'Pyynnnnn', N'Pmmnnnnn.k', 44)
INSERT [dbo].[BB_VALID_FORMAT] ([BB_VALID_FORMAT_ID], [CONVERTER_STRATEGY], [REGEX_PATTERN], [REQ_FORMAT], [VALID_FORMAT], [BB_VALIDATION_MATRIX_ID]) VALUES (55, N'REMOVE_DIGIT', N'^(1|2|5|6)[0-9]{7}.[0-9]', N'zyynnnnn', N'zyynnnnn.k', 45)
INSERT [dbo].[BB_VALID_FORMAT] ([BB_VALID_FORMAT_ID], [CONVERTER_STRATEGY], [REGEX_PATTERN], [REQ_FORMAT], [VALID_FORMAT], [BB_VALIDATION_MATRIX_ID]) VALUES (56, N'REMOVE_DIGIT', N'^(10|11|20|21|50|60)[0-9]{10}.[0-9]', N'zzccyynnnnnn', N'zzccyynnnnnn.k', 46)
INSERT [dbo].[BB_VALID_FORMAT] ([BB_VALID_FORMAT_ID], [CONVERTER_STRATEGY], [REGEX_PATTERN], [REQ_FORMAT], [VALID_FORMAT], [BB_VALIDATION_MATRIX_ID]) VALUES (57, N'VALIDATE_YEAR', N'^(P|p)[0-9]{7}', N'Pyynnnnn', N'Pyynnnnn', 47)
INSERT [dbo].[BB_VALID_FORMAT] ([BB_VALID_FORMAT_ID], [CONVERTER_STRATEGY], [REGEX_PATTERN], [REQ_FORMAT], [VALID_FORMAT], [BB_VALIDATION_MATRIX_ID]) VALUES (58, N'CORRECT_FORMAT', N'^(1|2|5|6)[0-9]{7}', N'zyynnnnn', N'zyynnnnn', 48)
INSERT [dbo].[BB_VALID_FORMAT] ([BB_VALID_FORMAT_ID], [CONVERTER_STRATEGY], [REGEX_PATTERN], [REQ_FORMAT], [VALID_FORMAT], [BB_VALIDATION_MATRIX_ID]) VALUES (59, N'CORRECT_FORMAT', N'^(10|11|20|21|50|60)[0-9]{10}', N'zzccyynnnnnn', N'zzccyynnnnnn', 49)
INSERT [dbo].[BB_VALID_FORMAT] ([BB_VALID_FORMAT_ID], [CONVERTER_STRATEGY], [REGEX_PATTERN], [REQ_FORMAT], [VALID_FORMAT], [BB_VALIDATION_MATRIX_ID]) VALUES (60, N'VALIDATE_YEAR', N'^(P|p)[0-9]{7}.[0-9]', N'Pyynnnnn', N'Pmmnnnnn.k', 50)
INSERT [dbo].[BB_VALID_FORMAT] ([BB_VALID_FORMAT_ID], [CONVERTER_STRATEGY], [REGEX_PATTERN], [REQ_FORMAT], [VALID_FORMAT], [BB_VALIDATION_MATRIX_ID]) VALUES (61, N'REMOVE_DIGIT', N'^(1|2|5|6)[0-9]{7}.[0-9]', N'zyynnnnn', N'zyynnnnn.k', 51)
INSERT [dbo].[BB_VALID_FORMAT] ([BB_VALID_FORMAT_ID], [CONVERTER_STRATEGY], [REGEX_PATTERN], [REQ_FORMAT], [VALID_FORMAT], [BB_VALIDATION_MATRIX_ID]) VALUES (62, N'REMOVE_DIGIT', N'^(10|11|20|21|50|60)[0-9]{10}.[0-9]', N'zzccyynnnnnn', N'zzccyynnnnnn.k', 52)
INSERT [dbo].[BB_VALID_FORMAT] ([BB_VALID_FORMAT_ID], [CONVERTER_STRATEGY], [REGEX_PATTERN], [REQ_FORMAT], [VALID_FORMAT], [BB_VALIDATION_MATRIX_ID]) VALUES (63, N'VALIDATE_YEAR', N'^(P|p)[0-9]{7}', N'Pyynnnnn', N'Pmmnnnnn', 53)
INSERT [dbo].[BB_VALID_FORMAT] ([BB_VALID_FORMAT_ID], [CONVERTER_STRATEGY], [REGEX_PATTERN], [REQ_FORMAT], [VALID_FORMAT], [BB_VALIDATION_MATRIX_ID]) VALUES (64, N'CORRECT_FORMAT', N'^(1|2|5|6)[0-9]{7}', N'zyynnnnn', N'zyynnnnn', 54)
INSERT [dbo].[BB_VALID_FORMAT] ([BB_VALID_FORMAT_ID], [CONVERTER_STRATEGY], [REGEX_PATTERN], [REQ_FORMAT], [VALID_FORMAT], [BB_VALIDATION_MATRIX_ID]) VALUES (65, N'CORRECT_FORMAT', N'^(10|11|20|21|50|60)[0-9]{10}', N'zzccyynnnnnn', N'zzccyynnnnnn', 55)
INSERT [dbo].[BB_VALID_FORMAT] ([BB_VALID_FORMAT_ID], [CONVERTER_STRATEGY], [REGEX_PATTERN], [REQ_FORMAT], [VALID_FORMAT], [BB_VALIDATION_MATRIX_ID]) VALUES (66, N'VALIDATE_YEAR', N'^(P|p)[0-9]{7}.[0-9]', N'ccyynnnnnnnn', N'Pmmnnnnn.k', 56)
INSERT [dbo].[BB_VALID_FORMAT] ([BB_VALID_FORMAT_ID], [CONVERTER_STRATEGY], [REGEX_PATTERN], [REQ_FORMAT], [VALID_FORMAT], [BB_VALIDATION_MATRIX_ID]) VALUES (67, N'REMOVE_DIGIT', N'^(1|2|5|6)[0-9]{7}.[0-9]', N'zyynnnnn', N'zyynnnnn.k', 57)
INSERT [dbo].[BB_VALID_FORMAT] ([BB_VALID_FORMAT_ID], [CONVERTER_STRATEGY], [REGEX_PATTERN], [REQ_FORMAT], [VALID_FORMAT], [BB_VALIDATION_MATRIX_ID]) VALUES (68, N'REMOVE_DIGIT', N'^(10|11|20|21|50|60)[0-9]{10}.[0-9]', N'zzccyynnnnnn.k', N'ss/nnnnnn', 58)
INSERT [dbo].[BB_VALID_FORMAT] ([BB_VALID_FORMAT_ID], [CONVERTER_STRATEGY], [REGEX_PATTERN], [REQ_FORMAT], [VALID_FORMAT], [BB_VALIDATION_MATRIX_ID]) VALUES (69, N'VALIDATE_YEAR', N'^(P|p)[0-9]{7}', N'Pyynnnnn', N'Pmmnnnnn', 59)
INSERT [dbo].[BB_VALID_FORMAT] ([BB_VALID_FORMAT_ID], [CONVERTER_STRATEGY], [REGEX_PATTERN], [REQ_FORMAT], [VALID_FORMAT], [BB_VALIDATION_MATRIX_ID]) VALUES (70, N'CORRECT_FORMAT', N'^(1|2|5|6)[0-9]{7}', N'zyynnnnn', N'zyynnnnn', 60)
INSERT [dbo].[BB_VALID_FORMAT] ([BB_VALID_FORMAT_ID], [CONVERTER_STRATEGY], [REGEX_PATTERN], [REQ_FORMAT], [VALID_FORMAT], [BB_VALIDATION_MATRIX_ID]) VALUES (71, N'CORRECT_FORMAT', N'^(10|11|20|21|50|60)[0-9]{10}', N'zzccyynnnnnn', N'zzccyynnnnnn', 61)
INSERT [dbo].[BB_VALID_FORMAT] ([BB_VALID_FORMAT_ID], [CONVERTER_STRATEGY], [REGEX_PATTERN], [REQ_FORMAT], [VALID_FORMAT], [BB_VALIDATION_MATRIX_ID]) VALUES (72, N'CORRECT_FORMAT', N'^(10|20|30)-[0-9]{4}-[0-9]{7}', N'zz-ccyy-nnnnnnn', N'zz-ccyy-nnnnnnn', 62)
INSERT [dbo].[BB_VALID_FORMAT] ([BB_VALID_FORMAT_ID], [CONVERTER_STRATEGY], [REGEX_PATTERN], [REQ_FORMAT], [VALID_FORMAT], [BB_VALIDATION_MATRIX_ID]) VALUES (73, N'CORRECT_FORMAT', N'^(10|20|30)-[0-9]{4}-[0-9]{7}', N'zz-ccyy-nnnnnnn', N'zz-ccyy-nnnnnnn', 63)
INSERT [dbo].[BB_VALID_FORMAT] ([BB_VALID_FORMAT_ID], [CONVERTER_STRATEGY], [REGEX_PATTERN], [REQ_FORMAT], [VALID_FORMAT], [BB_VALIDATION_MATRIX_ID]) VALUES (74, N'CORRECT_FORMAT', N'^(10|20|30)-[0-9]{7}', N'zz-nnnnnnn', N'zz-nnnnnnn', 64)
INSERT [dbo].[BB_VALID_FORMAT] ([BB_VALID_FORMAT_ID], [CONVERTER_STRATEGY], [REGEX_PATTERN], [REQ_FORMAT], [VALID_FORMAT], [BB_VALIDATION_MATRIX_ID]) VALUES (75, N'CORRECT_FORMAT', N'[0-9]{9}', N'nnnnnnnnn', N'nnnnnnnnn', 65)
INSERT [dbo].[BB_VALID_FORMAT] ([BB_VALID_FORMAT_ID], [CONVERTER_STRATEGY], [REGEX_PATTERN], [REQ_FORMAT], [VALID_FORMAT], [BB_VALIDATION_MATRIX_ID]) VALUES (76, N'CORRECT_FORMAT', N'[0-9]{6}', N'nnnnnn', N'nnnnnn', 66)
INSERT [dbo].[BB_VALID_FORMAT] ([BB_VALID_FORMAT_ID], [CONVERTER_STRATEGY], [REGEX_PATTERN], [REQ_FORMAT], [VALID_FORMAT], [BB_VALIDATION_MATRIX_ID]) VALUES (77, N'CORRECT_FORMAT', N'[0-9]{7}', N'ccyynnnnn', N'ccyynnnnn', 67)
INSERT [dbo].[BB_VALID_FORMAT] ([BB_VALID_FORMAT_ID], [CONVERTER_STRATEGY], [REGEX_PATTERN], [REQ_FORMAT], [VALID_FORMAT], [BB_VALIDATION_MATRIX_ID]) VALUES (78, N'CORRECT_FORMAT', N'[0-9]{6}', N'nnnnnn', N'nnnnnn', 68)
INSERT [dbo].[BB_VALID_FORMAT] ([BB_VALID_FORMAT_ID], [CONVERTER_STRATEGY], [REGEX_PATTERN], [REQ_FORMAT], [VALID_FORMAT], [BB_VALIDATION_MATRIX_ID]) VALUES (79, N'CORRECT_FORMAT', N'^(I|i)[0-9]{6}', N'Innnnnn', N'Innnnnn', 69)
INSERT [dbo].[BB_VALID_FORMAT] ([BB_VALID_FORMAT_ID], [CONVERTER_STRATEGY], [REGEX_PATTERN], [REQ_FORMAT], [VALID_FORMAT], [BB_VALIDATION_MATRIX_ID]) VALUES (80, N'CORRECT_FORMAT', N'^(M|m)[0-9]{6}', N'Mnnnnnn', N'Mnnnnnn', 70)
INSERT [dbo].[BB_VALID_FORMAT] ([BB_VALID_FORMAT_ID], [CONVERTER_STRATEGY], [REGEX_PATTERN], [REQ_FORMAT], [VALID_FORMAT], [BB_VALIDATION_MATRIX_ID]) VALUES (81, N'CORRECT_FORMAT', N'^(D|d)[0-9]{6}', N'Dnnnnnn', N'Dnnnnnn', 71)
INSERT [dbo].[BB_VALID_FORMAT] ([BB_VALID_FORMAT_ID], [CONVERTER_STRATEGY], [REGEX_PATTERN], [REQ_FORMAT], [VALID_FORMAT], [BB_VALIDATION_MATRIX_ID]) VALUES (82, N'CORRECT_FORMAT', N'[0-9]{8}', N'ynnnnnn', N'ynnnnnn', 72)
INSERT [dbo].[BB_VALID_FORMAT] ([BB_VALID_FORMAT_ID], [CONVERTER_STRATEGY], [REGEX_PATTERN], [REQ_FORMAT], [VALID_FORMAT], [BB_VALIDATION_MATRIX_ID]) VALUES (83, N'CORRECT_FORMAT', N'[0-9]{10}', N'ccyynnnnnn', N'ccyynnnnnn', 73)
INSERT [dbo].[BB_VALID_FORMAT] ([BB_VALID_FORMAT_ID], [CONVERTER_STRATEGY], [REGEX_PATTERN], [REQ_FORMAT], [VALID_FORMAT], [BB_VALIDATION_MATRIX_ID]) VALUES (84, N'CORRECT_FORMAT', N'[0-9]{8}', N'ynnnnnn', N'ynnnnnn', 74)
INSERT [dbo].[BB_VALID_FORMAT] ([BB_VALID_FORMAT_ID], [CONVERTER_STRATEGY], [REGEX_PATTERN], [REQ_FORMAT], [VALID_FORMAT], [BB_VALIDATION_MATRIX_ID]) VALUES (85, N'CORRECT_FORMAT', N'[0-9]{10}', N'ccyynnnnnn', N'ccyynnnnnn', 75)
INSERT [dbo].[BB_VALID_FORMAT] ([BB_VALID_FORMAT_ID], [CONVERTER_STRATEGY], [REGEX_PATTERN], [REQ_FORMAT], [VALID_FORMAT], [BB_VALIDATION_MATRIX_ID]) VALUES (86, N'CORRECT_FORMAT', N'2[0-9]{6}', N'2nnnnnn', N'2nnnnnn', 76)
INSERT [dbo].[BB_VALID_FORMAT] ([BB_VALID_FORMAT_ID], [CONVERTER_STRATEGY], [REGEX_PATTERN], [REQ_FORMAT], [VALID_FORMAT], [BB_VALIDATION_MATRIX_ID]) VALUES (87, N'REMOVE_CHARACTER', N'[0-9]{4}/[0-9]{2}', N'nnnnnyy', N'nnnnn/yy', 77)
INSERT [dbo].[BB_VALID_FORMAT] ([BB_VALID_FORMAT_ID], [CONVERTER_STRATEGY], [REGEX_PATTERN], [REQ_FORMAT], [VALID_FORMAT], [BB_VALIDATION_MATRIX_ID]) VALUES (88, N'CORRECT_FORMAT', N'[0-9]{6}', N'nnnnnn', N'nnnnnn', 78)
INSERT [dbo].[BB_VALID_FORMAT] ([BB_VALID_FORMAT_ID], [CONVERTER_STRATEGY], [REGEX_PATTERN], [REQ_FORMAT], [VALID_FORMAT], [BB_VALIDATION_MATRIX_ID]) VALUES (89, N'CORRECT_FORMAT', N'[0-9]{6}', N'nnnnnn', N'nnnnnn', 79)
INSERT [dbo].[BB_VALID_FORMAT] ([BB_VALID_FORMAT_ID], [CONVERTER_STRATEGY], [REGEX_PATTERN], [REQ_FORMAT], [VALID_FORMAT], [BB_VALIDATION_MATRIX_ID]) VALUES (90, N'REMOVE_DIGIT', N'^(PI|pi|Pi|pI)[0-9]{7}.[0-9]', N'PIyynnnnn', N'PIyynnnnn.k', 80)
INSERT [dbo].[BB_VALID_FORMAT] ([BB_VALID_FORMAT_ID], [CONVERTER_STRATEGY], [REGEX_PATTERN], [REQ_FORMAT], [VALID_FORMAT], [BB_VALIDATION_MATRIX_ID]) VALUES (91, N'REMOVE_DIGIT', N'^(MU|mu|Mu|mU)[0-9]{7}.[0-9]', N'MUnnnnnnn', N'MUnnnnnnn.k', 81)
INSERT [dbo].[BB_VALID_FORMAT] ([BB_VALID_FORMAT_ID], [CONVERTER_STRATEGY], [REGEX_PATTERN], [REQ_FORMAT], [VALID_FORMAT], [BB_VALIDATION_MATRIX_ID]) VALUES (92, N'REMOVE_DIGIT', N'^(10|11|12|13|20|21|22)[0-9]{10}.[0-9]', N'zzccyynnnnnn', N'zzccyynnnnnn.k', 82)
INSERT [dbo].[BB_VALID_FORMAT] ([BB_VALID_FORMAT_ID], [CONVERTER_STRATEGY], [REGEX_PATTERN], [REQ_FORMAT], [VALID_FORMAT], [BB_VALIDATION_MATRIX_ID]) VALUES (93, N'CORRECT_FORMAT', N'^(PI|pi|Pi|pI)[0-9]{7}', N'PIyynnnnn', N'PIyynnnnn', 83)
INSERT [dbo].[BB_VALID_FORMAT] ([BB_VALID_FORMAT_ID], [CONVERTER_STRATEGY], [REGEX_PATTERN], [REQ_FORMAT], [VALID_FORMAT], [BB_VALIDATION_MATRIX_ID]) VALUES (94, N'CORRECT_FORMAT', N'^(MU|mu|Mu|mU)[0-9]{7}', N'MUnnnnnnn', N'MUnnnnnnn', 84)
INSERT [dbo].[BB_VALID_FORMAT] ([BB_VALID_FORMAT_ID], [CONVERTER_STRATEGY], [REGEX_PATTERN], [REQ_FORMAT], [VALID_FORMAT], [BB_VALIDATION_MATRIX_ID]) VALUES (95, N'CORRECT_FORMAT', N'^(10|11|12|13|20|21|22)[0-9]{10}', N'zzccyynnnnnn', N'zzccyynnnnnn', 85)
INSERT [dbo].[BB_VALID_FORMAT] ([BB_VALID_FORMAT_ID], [CONVERTER_STRATEGY], [REGEX_PATTERN], [REQ_FORMAT], [VALID_FORMAT], [BB_VALIDATION_MATRIX_ID]) VALUES (96, N'REMOVE_DIGIT', N'^(PI|pi|Pi|pI)[0-9]{7}.[0-9]', N'PIyynnnnn', N'PIyynnnnn.k', 86)
INSERT [dbo].[BB_VALID_FORMAT] ([BB_VALID_FORMAT_ID], [CONVERTER_STRATEGY], [REGEX_PATTERN], [REQ_FORMAT], [VALID_FORMAT], [BB_VALIDATION_MATRIX_ID]) VALUES (97, N'REMOVE_DIGIT', N'^(MU|mu|Mu|mU)[0-9]{7}.[0-9]', N'MUnnnnnnn', N'MUnnnnnnn.k', 87)
INSERT [dbo].[BB_VALID_FORMAT] ([BB_VALID_FORMAT_ID], [CONVERTER_STRATEGY], [REGEX_PATTERN], [REQ_FORMAT], [VALID_FORMAT], [BB_VALIDATION_MATRIX_ID]) VALUES (98, N'REMOVE_DIGIT', N'^(10|11|12|13|20|21|22)[0-9]{10}.[0-9]', N'zzccyynnnnnn', N'zzccyynnnnnn.k', 88)
INSERT [dbo].[BB_VALID_FORMAT] ([BB_VALID_FORMAT_ID], [CONVERTER_STRATEGY], [REGEX_PATTERN], [REQ_FORMAT], [VALID_FORMAT], [BB_VALIDATION_MATRIX_ID]) VALUES (99, N'CORRECT_FORMAT', N'^(PI|pi|Pi|pI)[0-9]{7}', N'PIyynnnnn', N'PIyynnnnn', 89)

INSERT [dbo].[BB_VALID_FORMAT] ([BB_VALID_FORMAT_ID], [CONVERTER_STRATEGY], [REGEX_PATTERN], [REQ_FORMAT], [VALID_FORMAT], [BB_VALIDATION_MATRIX_ID]) VALUES (100, N'CORRECT_FORMAT', N'^(MU|mu|Mu|mU)[0-9]{7}', N'MUnnnnnnn', N'MUnnnnnnn', 90)
INSERT [dbo].[BB_VALID_FORMAT] ([BB_VALID_FORMAT_ID], [CONVERTER_STRATEGY], [REGEX_PATTERN], [REQ_FORMAT], [VALID_FORMAT], [BB_VALIDATION_MATRIX_ID]) VALUES (101, N'CORRECT_FORMAT', N'^(10|11|12|13|20|21|22)[0-9]{10}', N'zzccyynnnnnn', N'zzccyynnnnnn', 91)
INSERT [dbo].[BB_VALID_FORMAT] ([BB_VALID_FORMAT_ID], [CONVERTER_STRATEGY], [REGEX_PATTERN], [REQ_FORMAT], [VALID_FORMAT], [BB_VALIDATION_MATRIX_ID]) VALUES (102, N'REMOVE_DIGIT', N'^(PI|pi|Pi|pI)[0-9]{7}.[0-9]', N'PIyynnnnn', N'PIyynnnnn.k', 92)
INSERT [dbo].[BB_VALID_FORMAT] ([BB_VALID_FORMAT_ID], [CONVERTER_STRATEGY], [REGEX_PATTERN], [REQ_FORMAT], [VALID_FORMAT], [BB_VALIDATION_MATRIX_ID]) VALUES (103, N'REMOVE_DIGIT', N'^(MU|mu|Mu|mU)[0-9]{7}.[0-9]', N'MUnnnnnnn', N'MUnnnnnnn.k', 93)
INSERT [dbo].[BB_VALID_FORMAT] ([BB_VALID_FORMAT_ID], [CONVERTER_STRATEGY], [REGEX_PATTERN], [REQ_FORMAT], [VALID_FORMAT], [BB_VALIDATION_MATRIX_ID]) VALUES (104, N'REMOVE_DIGIT', N'^(10|11|12|13|20|21|22)[0-9]{10}.[0-9]', N'zzccyynnnnnn', N'zzccyynnnnnn.k', 94)
INSERT [dbo].[BB_VALID_FORMAT] ([BB_VALID_FORMAT_ID], [CONVERTER_STRATEGY], [REGEX_PATTERN], [REQ_FORMAT], [VALID_FORMAT], [BB_VALIDATION_MATRIX_ID]) VALUES (105, N'CORRECT_FORMAT', N'^(PI|pi|Pi|pI)[0-9]{7}', N'PIyynnnnn', N'PIyynnnnn', 95)
INSERT [dbo].[BB_VALID_FORMAT] ([BB_VALID_FORMAT_ID], [CONVERTER_STRATEGY], [REGEX_PATTERN], [REQ_FORMAT], [VALID_FORMAT], [BB_VALIDATION_MATRIX_ID]) VALUES (106, N'CORRECT_FORMAT', N'^(MU|mu|Mu|mU)[0-9]{7}', N'MUnnnnnnn', N'MUnnnnnnn', 96)
INSERT [dbo].[BB_VALID_FORMAT] ([BB_VALID_FORMAT_ID], [CONVERTER_STRATEGY], [REGEX_PATTERN], [REQ_FORMAT], [VALID_FORMAT], [BB_VALIDATION_MATRIX_ID]) VALUES (107, N'CORRECT_FORMAT', N'^(10|11|12|13|20|21|22)[0-9]{10}', N'zzccyynnnnnn', N'zzccyynnnnnn', 97)
INSERT [dbo].[BB_VALID_FORMAT] ([BB_VALID_FORMAT_ID], [CONVERTER_STRATEGY], [REGEX_PATTERN], [REQ_FORMAT], [VALID_FORMAT], [BB_VALIDATION_MATRIX_ID]) VALUES (108, N'CORRECT_FORMAT', N'[0-9]{7}', N'yynnnnn', N'yynnnnn', 98)
INSERT [dbo].[BB_VALID_FORMAT] ([BB_VALID_FORMAT_ID], [CONVERTER_STRATEGY], [REGEX_PATTERN], [REQ_FORMAT], [VALID_FORMAT], [BB_VALIDATION_MATRIX_ID]) VALUES (109, N'CORRECT_FORMAT', N'[0-9]{9}', N'ccyynnnnn', N'ccyynnnnn', 99)
INSERT [dbo].[BB_VALID_FORMAT] ([BB_VALID_FORMAT_ID], [CONVERTER_STRATEGY], [REGEX_PATTERN], [REQ_FORMAT], [VALID_FORMAT], [BB_VALIDATION_MATRIX_ID]) VALUES (110, N'CORRECT_FORMAT', N'[0-9]{7}', N'nnnnnnn', N'nnnnnnn', 100)
INSERT [dbo].[BB_VALID_FORMAT] ([BB_VALID_FORMAT_ID], [CONVERTER_STRATEGY], [REGEX_PATTERN], [REQ_FORMAT], [VALID_FORMAT], [BB_VALIDATION_MATRIX_ID]) VALUES (111, N'CORRECT_FORMAT', N'[0-9]{7}', N'nnnnnnn', N'nnnnnnn', 101)
INSERT [dbo].[BB_VALID_FORMAT] ([BB_VALID_FORMAT_ID], [CONVERTER_STRATEGY], [REGEX_PATTERN], [REQ_FORMAT], [VALID_FORMAT], [BB_VALIDATION_MATRIX_ID]) VALUES (112, N'CORRECT_FORMAT', N'[0-9]{6}', N'nnnnnn', N'nnnnnn', 102)
INSERT [dbo].[BB_VALID_FORMAT] ([BB_VALID_FORMAT_ID], [CONVERTER_STRATEGY], [REGEX_PATTERN], [REQ_FORMAT], [VALID_FORMAT], [BB_VALIDATION_MATRIX_ID]) VALUES (113, N'CORRECT_FORMAT', N'[0-9]{6}', N'nnnnnn', N'nnnnnn', 103)
INSERT [dbo].[BB_VALID_FORMAT] ([BB_VALID_FORMAT_ID], [CONVERTER_STRATEGY], [REGEX_PATTERN], [REQ_FORMAT], [VALID_FORMAT], [BB_VALIDATION_MATRIX_ID]) VALUES (114, N'CORRECT_FORMAT', N'[0-9]{6}', N'nnnnnn', N'nnnnnn', 104)
INSERT [dbo].[BB_VALID_FORMAT] ([BB_VALID_FORMAT_ID], [CONVERTER_STRATEGY], [REGEX_PATTERN], [REQ_FORMAT], [VALID_FORMAT], [BB_VALIDATION_MATRIX_ID]) VALUES (115, N'REMOVE_DIGIT', N'[0-9]{7}.[0-9]', N'yynnnnn', N'yynnnnn.k', 105)
INSERT [dbo].[BB_VALID_FORMAT] ([BB_VALID_FORMAT_ID], [CONVERTER_STRATEGY], [REGEX_PATTERN], [REQ_FORMAT], [VALID_FORMAT], [BB_VALIDATION_MATRIX_ID]) VALUES (116, N'CORRECT_FORMAT', N'[0-9]{7}', N'yynnnnn', N'yynnnnn', 106)
INSERT [dbo].[BB_VALID_FORMAT] ([BB_VALID_FORMAT_ID], [CONVERTER_STRATEGY], [REGEX_PATTERN], [REQ_FORMAT], [VALID_FORMAT], [BB_VALIDATION_MATRIX_ID]) VALUES (117, N'CORRECT_FORMAT', N'[0-9]{6}', N'nnnnnn', N'nnnnnn', 107)
INSERT [dbo].[BB_VALID_FORMAT] ([BB_VALID_FORMAT_ID], [CONVERTER_STRATEGY], [REGEX_PATTERN], [REQ_FORMAT], [VALID_FORMAT], [BB_VALIDATION_MATRIX_ID]) VALUES (118, N'CORRECT_FORMAT', N'[0-9]{6}', N'nnnnnn', N'nnnnnn', 108)
INSERT [dbo].[BB_VALID_FORMAT] ([BB_VALID_FORMAT_ID], [CONVERTER_STRATEGY], [REGEX_PATTERN], [REQ_FORMAT], [VALID_FORMAT], [BB_VALIDATION_MATRIX_ID]) VALUES (119, N'CORRECT_FORMAT', N'^(PA|pa|Pa|pA)[0-9]{9}', N'PAccyynnnnn', N'PAccyynnnnn', 109)
INSERT [dbo].[BB_VALID_FORMAT] ([BB_VALID_FORMAT_ID], [CONVERTER_STRATEGY], [REGEX_PATTERN], [REQ_FORMAT], [VALID_FORMAT], [BB_VALIDATION_MATRIX_ID]) VALUES (120, N'CORRECT_FORMAT', N'^(BA|ba|Ba|bA)[0-9]{9}', N'BAccyynnnnn', N'BAccyynnnnn', 110)
INSERT [dbo].[BB_VALID_FORMAT] ([BB_VALID_FORMAT_ID], [CONVERTER_STRATEGY], [REGEX_PATTERN], [REQ_FORMAT], [VALID_FORMAT], [BB_VALIDATION_MATRIX_ID]) VALUES (121, N'CORRECT_FORMAT', N'^(PA|pa|Pa|pA)[0-9]{9}', N'PAccyynnnnn', N'PAccyynnnnn', 111)
INSERT [dbo].[BB_VALID_FORMAT] ([BB_VALID_FORMAT_ID], [CONVERTER_STRATEGY], [REGEX_PATTERN], [REQ_FORMAT], [VALID_FORMAT], [BB_VALIDATION_MATRIX_ID]) VALUES (122, N'CORRECT_FORMAT', N'^(BA|ba|Ba|bA)[0-9]{9}', N'BAccyynnnnn', N'BAccyynnnnn', 112)
INSERT [dbo].[BB_VALID_FORMAT] ([BB_VALID_FORMAT_ID], [CONVERTER_STRATEGY], [REGEX_PATTERN], [REQ_FORMAT], [VALID_FORMAT], [BB_VALIDATION_MATRIX_ID]) VALUES (123, N'CORRECT_FORMAT', N'[0-9]{6}', N'nnnnnn', N'nnnnnn', 113)
INSERT [dbo].[BB_VALID_FORMAT] ([BB_VALID_FORMAT_ID], [CONVERTER_STRATEGY], [REGEX_PATTERN], [REQ_FORMAT], [VALID_FORMAT], [BB_VALIDATION_MATRIX_ID]) VALUES (124, N'CORRECT_FORMAT', N'^(BR|br|Br|bR)[0-9]{9}', N'BRccyynnnnn', N'BRccyynnnnn', 114)
SET IDENTITY_INSERT [dbo].[BB_VALID_FORMAT] OFF


COMMIT

/*
SET IDENTITY_INSERT [dbo].[BB_NOTIFICATION] ON 
INSERT [dbo].[BB_NOTIFICATION] ([BB_NOTIFICATION_ID], [MODIFIED_BY], [MODIFIED_ON], [CREATED_BY], [CREATED_ON], [VERSION], [SUBJECT], [IS_ACTIVE], [CODE], [EMAIL_NOTIFICATION], [ESCALATION], [FREQUENCY_OF_SENDING_REMINDERS], [IDS_REVIEW_DISPLAY], [MESSAGE], [NAME], [NO_OF_PAST_DUE_DAYS], [NO_OF_REMINDERS], [NOTIFICATION_LEVEL], [PARENT], [PROCESS_NAME], [REMINDER], [TYPE], [ASSIGNED_TO_ROLE]) VALUES (1, 1, CAST(0x0000A58300F6D029 AS DateTime), 1, CAST(0x0000A56400FE46CE AS DateTime), 1, N'Approval Subject', 1, N'ABC_NIF', 0, 0, 1, 0, N'Approval', N'Notification Approval', 0, 0, 1, NULL, N'Approval', 0, N'Action Item - Approval')
SET IDENTITY_INSERT [dbo].[BB_NOTIFICATION] OFF

SET IDENTITY_INSERT [dbo].[BB_NOTIFICATION_PROCESS] ON 
INSERT [dbo].[BB_NOTIFICATION_PROCESS] ([BB_NOTIFICATION_PROCESS_ID], [MODIFIED_BY], [MODIFIED_ON], [CREATED_BY], [CREATED_ON], [VERSION], [ACTIVE], [ACTIVITI_PROCESS_ID], [BB_APPLICATION_ID], [BB_CORRESPONDENCE_ID], [ENTITY_ID], [ENTITY_NAME], [NOTIFICATION_PROCESS_TYPE], [NOTIFIED_DATE], [BB_REFERENCE_BASE_DATA_ID], [STATUS], [SUB_NOTIFICATION_PROCESS_TYPE], [LOCKED_BY_USER], [NOTIFICATION_ID]) VALUES (1, 1, CAST(0x0000A58401114ACD AS DateTime), 1, CAST(0x0000A58401112C04 AS DateTime), 0, 0, N'122516', 1, 1, 45, N'APPLICATION_BASE', N'DASHBOARD_ACTION_STATUS', CAST(0x0000A58401112C04 AS DateTime), 1, N'DONE', N'DASHBOARD_ACTION_STATUS', NULL, 1)
SET IDENTITY_INSERT [dbo].[BB_NOTIFICATION_PROCESS] OFF 
*/

SET IDENTITY_INSERT [dbo].[BB_ATTRONEY_DOCKET_NUMBER] ON 
INSERT [dbo].[BB_ATTRONEY_DOCKET_NUMBER] ([BB_ATTORNEY_DOCKET_NUMBER_ID], [SEGMENT], [SEGMENT_1], [SEGMENT_2], [SEGMENT_3], [SEGMENT_4], [SEGMENT_5], [SEGMENT_6], [SEGMENT_7]) VALUES (1, N'BFH 12321 12', NULL, NULL, NULL, NULL, NULL, NULL, NULL)
SET IDENTITY_INSERT [dbo].[BB_ATTRONEY_DOCKET_NUMBER] OFF


--Application Test Data
SET IDENTITY_INSERT [dbo].[BB_APPLICATION_BASE] ON 
INSERT into BB_APPLICATION_BASE (BB_APPLICATION_ID, MODIFIED_BY, MODIFIED_ON, CREATED_BY, CREATED_ON, VERSION, APPLICATION_NUMBER_RAW, CHILD_APPLICATION_TYPE, CONFIRMATION_NUMBER, FILING_DATE, APPLICATION_NUMBER, DESCRIPTION, FAMILY_ID, ENTITY, EXPORT_CONTROL, IDS_RELEVANT_STATUS, PROSECUTION_STATUS, ART_UNIT, EXAMINER, FIRST_NAME_INVENTOR, ISSUED_ON, PATENT_NUMBER_RAW, TITLE, PUBLICATION_NUMBER, PUBLICATION_NUMBER_RAW, PUBLISHED_ON, SOURCE, SUB_SOURCE, BB_NEW_RECORD_STATUS, RECORD_STATUS, SCENARIO, BB_COMMENT, BB_ASSIGNEE, BB_ATTORNEY_DOCKET, BB_CUSTOMER, BB_JURISDICTION, BB_ORGANIZATION, BB_TECHNOLOGY_GROUP) VALUES (1, 1, ('2015-09-25 17:45:30.005'), 1, ('1995-09-25 17:45:30.005'), 0, '12345678', 'FIRST_FILING', '123131321', ('1985-09-25 17:45:30.005'), '12345678', NULL, 'F000008', 'UNDISCOUNTED', 0, NULL, NULL, NULL, NULL, NULL, NULL, NULL, 'ewrewre', NULL, NULL, NULL, 'MANUAL', 'MANUAL', 'BLANK', 'ACTIVE', 'US_FIRST_FILING', NULL, -1, 1, 1, 1, -1, -1)
INSERT into BB_APPLICATION_BASE (BB_APPLICATION_ID, MODIFIED_BY, MODIFIED_ON, CREATED_BY, CREATED_ON, VERSION, APPLICATION_NUMBER_RAW, CHILD_APPLICATION_TYPE, CONFIRMATION_NUMBER, FILING_DATE, APPLICATION_NUMBER, DESCRIPTION, FAMILY_ID, ENTITY, EXPORT_CONTROL, IDS_RELEVANT_STATUS, PROSECUTION_STATUS, ART_UNIT, EXAMINER, FIRST_NAME_INVENTOR, ISSUED_ON, PATENT_NUMBER_RAW, TITLE, PUBLICATION_NUMBER, PUBLICATION_NUMBER_RAW, PUBLISHED_ON, SOURCE, SUB_SOURCE, BB_NEW_RECORD_STATUS, RECORD_STATUS, SCENARIO, BB_COMMENT, BB_ASSIGNEE, BB_ATTORNEY_DOCKET, BB_CUSTOMER, BB_JURISDICTION, BB_ORGANIZATION, BB_TECHNOLOGY_GROUP) VALUES (2, 1, ('2015-09-25 17:45:30.005'), 1, ('1995-09-25 17:45:30.005'), 0, '87654321', 'CIP', '123131321', ('1985-09-25 17:45:30.005'), '87654321', NULL, 'F000008', 'UNDISCOUNTED', 0, NULL, NULL, NULL, NULL, NULL, NULL, NULL, 'ewrewre', NULL, NULL, NULL, 'MANUAL', 'MANUAL', 'BLANK', 'ACTIVE', 'US_FIRST_FILING', NULL, -1, 1, 1, 1, -1, -1)
INSERT into BB_APPLICATION_BASE (BB_APPLICATION_ID, MODIFIED_BY, MODIFIED_ON, CREATED_BY, CREATED_ON, VERSION, APPLICATION_NUMBER_RAW, CHILD_APPLICATION_TYPE, CONFIRMATION_NUMBER, FILING_DATE, APPLICATION_NUMBER, DESCRIPTION, FAMILY_ID, ENTITY, EXPORT_CONTROL, IDS_RELEVANT_STATUS, PROSECUTION_STATUS, ART_UNIT, EXAMINER, FIRST_NAME_INVENTOR, ISSUED_ON, PATENT_NUMBER_RAW, TITLE, PUBLICATION_NUMBER, PUBLICATION_NUMBER_RAW, PUBLISHED_ON, SOURCE, SUB_SOURCE, BB_NEW_RECORD_STATUS, RECORD_STATUS, SCENARIO, BB_COMMENT, BB_ASSIGNEE, BB_ATTORNEY_DOCKET, BB_CUSTOMER, BB_JURISDICTION, BB_ORGANIZATION, BB_TECHNOLOGY_GROUP) VALUES (3, 1, ('2015-09-25 17:45:30.005'), 1, ('1995-09-25 17:45:30.005'), 0, '12345679', 'CIP', '123131321', ('1985-09-25 17:45:30.005'), '12345679', NULL, 'F000008', 'UNDISCOUNTED', 0, NULL, NULL, NULL, NULL, NULL, NULL, NULL, 'ewrewre', NULL, NULL, NULL, 'MANUAL', 'MANUAL', 'BLANK', 'DEACTIVATED', 'US_FIRST_FILING', NULL, -1, 1, 1, 1, -1, -1)
INSERT into BB_APPLICATION_BASE (BB_APPLICATION_ID, MODIFIED_BY, MODIFIED_ON, CREATED_BY, CREATED_ON, VERSION, APPLICATION_NUMBER_RAW, CHILD_APPLICATION_TYPE, CONFIRMATION_NUMBER, FILING_DATE, APPLICATION_NUMBER, DESCRIPTION, FAMILY_ID, ENTITY, EXPORT_CONTROL, IDS_RELEVANT_STATUS, PROSECUTION_STATUS, ART_UNIT, EXAMINER, FIRST_NAME_INVENTOR, ISSUED_ON, PATENT_NUMBER_RAW, TITLE, PUBLICATION_NUMBER, PUBLICATION_NUMBER_RAW, PUBLISHED_ON, SOURCE, SUB_SOURCE, BB_NEW_RECORD_STATUS, RECORD_STATUS, SCENARIO, BB_COMMENT, BB_ASSIGNEE, BB_ATTORNEY_DOCKET, BB_CUSTOMER, BB_JURISDICTION, BB_ORGANIZATION, BB_TECHNOLOGY_GROUP) VALUES (4, 1, ('2015-09-25 17:45:30.005'), 1, ('1995-09-25 17:45:30.005'), 0, '13456789', 'FIRST_FILING', '123131321', ('1985-09-25 17:45:30.005'), '13456789', NULL, 'F000009', 'UNDISCOUNTED', 0, NULL, NULL, NULL, NULL, NULL, NULL, NULL, 'ewrewre', NULL, NULL, NULL, 'MANUAL', 'MANUAL', 'DROPPED', 'ACTIVE', 'US_FIRST_FILING', NULL, -1, 1, 1, 1, -1, -1)
INSERT into BB_APPLICATION_BASE (BB_APPLICATION_ID, MODIFIED_BY, MODIFIED_ON, CREATED_BY, CREATED_ON, VERSION, APPLICATION_NUMBER_RAW, CHILD_APPLICATION_TYPE, CONFIRMATION_NUMBER, FILING_DATE, APPLICATION_NUMBER, DESCRIPTION, FAMILY_ID, ENTITY, EXPORT_CONTROL, IDS_RELEVANT_STATUS, PROSECUTION_STATUS, ART_UNIT, EXAMINER, FIRST_NAME_INVENTOR, ISSUED_ON, PATENT_NUMBER_RAW, TITLE, PUBLICATION_NUMBER, PUBLICATION_NUMBER_RAW, PUBLISHED_ON, SOURCE, SUB_SOURCE, BB_NEW_RECORD_STATUS, RECORD_STATUS, SCENARIO, BB_COMMENT, BB_ASSIGNEE, BB_ATTORNEY_DOCKET, BB_CUSTOMER, BB_JURISDICTION, BB_ORGANIZATION, BB_TECHNOLOGY_GROUP) VALUES (5, 1, ('2015-09-25 17:45:30.005'), 1, ('1995-09-25 17:45:30.005'), 0, '14567893', 'CIP', '123131321', ('1985-09-25 17:45:30.005'), '14567893', NULL,  'F000009', 'UNDISCOUNTED', 0, NULL, NULL, NULL, NULL, NULL, NULL, NULL, 'ewrewre', NULL, NULL, NULL, 'MANUAL', 'MANUAL', 'DROPPED', 'ACTIVE', 'US_FIRST_FILING', NULL, -1, 1, 1, 1, -1, -1)
INSERT into BB_APPLICATION_BASE (BB_APPLICATION_ID, MODIFIED_BY, MODIFIED_ON, CREATED_BY, CREATED_ON, VERSION, APPLICATION_NUMBER_RAW, CHILD_APPLICATION_TYPE, CONFIRMATION_NUMBER, FILING_DATE, APPLICATION_NUMBER, DESCRIPTION, FAMILY_ID, ENTITY, EXPORT_CONTROL, IDS_RELEVANT_STATUS, PROSECUTION_STATUS, ART_UNIT, EXAMINER, FIRST_NAME_INVENTOR, ISSUED_ON, PATENT_NUMBER_RAW, TITLE, PUBLICATION_NUMBER, PUBLICATION_NUMBER_RAW, PUBLISHED_ON, SOURCE, SUB_SOURCE, BB_NEW_RECORD_STATUS, RECORD_STATUS, SCENARIO, BB_COMMENT, BB_ASSIGNEE, BB_ATTORNEY_DOCKET, BB_CUSTOMER, BB_JURISDICTION, BB_ORGANIZATION, BB_TECHNOLOGY_GROUP) VALUES (6, 1, ('2015-09-25 17:45:30.005'), 1, ('1995-09-25 17:45:30.005'), 0, '15234567', 'CIP', '123131321', ('1985-09-25 17:45:30.005'), '15234567', NULL, 'F000008', 'UNDISCOUNTED', 0, NULL, NULL, NULL, NULL, NULL, NULL, NULL, 'ewrewre', NULL, NULL, NULL, 'MANUAL', 'MANUAL', 'DEACTIVATED', 'ACTIVE', 'US_FIRST_FILING', NULL, -1, 1, 1, 1, -1, -1)
INSERT into BB_APPLICATION_BASE (BB_APPLICATION_ID, MODIFIED_BY, MODIFIED_ON, CREATED_BY, CREATED_ON, VERSION, APPLICATION_NUMBER_RAW, CHILD_APPLICATION_TYPE, CONFIRMATION_NUMBER, FILING_DATE, APPLICATION_NUMBER, DESCRIPTION, FAMILY_ID, ENTITY, EXPORT_CONTROL, IDS_RELEVANT_STATUS, PROSECUTION_STATUS, ART_UNIT, EXAMINER, FIRST_NAME_INVENTOR, ISSUED_ON, PATENT_NUMBER_RAW, TITLE, PUBLICATION_NUMBER, PUBLICATION_NUMBER_RAW, PUBLISHED_ON, SOURCE, SUB_SOURCE, BB_NEW_RECORD_STATUS, RECORD_STATUS, SCENARIO, BB_COMMENT, BB_ASSIGNEE, BB_ATTORNEY_DOCKET, BB_CUSTOMER, BB_JURISDICTION, BB_ORGANIZATION, BB_TECHNOLOGY_GROUP) VALUES (7, 1, ('2015-09-25 17:45:30.005'), 1, ('1995-09-25 17:45:30.005'), 0, '14933258', 'FIRST_FILING', '123131321', ('1985-09-25 17:45:30.005'), '14933258', NULL, 'F000008', 'UNDISCOUNTED', 0, NULL, NULL, NULL, NULL, NULL, NULL, NULL, 'ewrewre', NULL, NULL, NULL, 'MANUAL', 'MANUAL', 'BLANK', 'ACTIVE', 'US_FIRST_FILING', NULL, 1, 1, 5, 1, -1, -1)
INSERT into BB_APPLICATION_BASE (BB_APPLICATION_ID, MODIFIED_BY, MODIFIED_ON, CREATED_BY, CREATED_ON, VERSION, APPLICATION_NUMBER_RAW, CHILD_APPLICATION_TYPE, CONFIRMATION_NUMBER, FILING_DATE, APPLICATION_NUMBER, DESCRIPTION, FAMILY_ID, ENTITY, EXPORT_CONTROL, IDS_RELEVANT_STATUS, PROSECUTION_STATUS, ART_UNIT, EXAMINER, FIRST_NAME_INVENTOR, ISSUED_ON, PATENT_NUMBER_RAW, TITLE, PUBLICATION_NUMBER, PUBLICATION_NUMBER_RAW, PUBLISHED_ON, SOURCE, SUB_SOURCE, BB_NEW_RECORD_STATUS, RECORD_STATUS, SCENARIO, BB_COMMENT, BB_ASSIGNEE, BB_ATTORNEY_DOCKET, BB_CUSTOMER, BB_JURISDICTION, BB_ORGANIZATION, BB_TECHNOLOGY_GROUP) VALUES (8, 1, ('2015-09-25 17:45:30.005'), 1, ('1995-09-25 17:45:30.005'), 0, 'PCT/UW14/041615', 'FIRST_FILING', '123131321', ('1985-09-25 17:45:30.005'), 'PCT/UW14/041615', NULL, 'F000008', 'UNDISCOUNTED', 0, NULL, NULL, NULL, NULL, NULL, NULL, NULL, 'ewrewre', NULL, NULL, NULL, 'MANUAL', 'MANUAL', 'BLANK', 'ACTIVE', 'US_FIRST_FILING', NULL, 1, 1, 5, 1, -1, -1)
INSERT into BB_APPLICATION_BASE (BB_APPLICATION_ID, MODIFIED_BY, MODIFIED_ON, CREATED_BY, CREATED_ON, VERSION, APPLICATION_NUMBER_RAW, CHILD_APPLICATION_TYPE, CONFIRMATION_NUMBER, FILING_DATE, APPLICATION_NUMBER, DESCRIPTION, FAMILY_ID, ENTITY, EXPORT_CONTROL, IDS_RELEVANT_STATUS, PROSECUTION_STATUS, ART_UNIT, EXAMINER, FIRST_NAME_INVENTOR, ISSUED_ON, PATENT_NUMBER_RAW, TITLE, PUBLICATION_NUMBER, PUBLICATION_NUMBER_RAW, PUBLISHED_ON, SOURCE, SUB_SOURCE, BB_NEW_RECORD_STATUS, RECORD_STATUS, SCENARIO, BB_COMMENT, BB_ASSIGNEE, BB_ATTORNEY_DOCKET, BB_CUSTOMER, BB_JURISDICTION, BB_ORGANIZATION, BB_TECHNOLOGY_GROUP) VALUES (9, 1, ('2015-09-25 17:45:30.005'), 1, ('1995-09-25 17:45:30.005'), 0, '123456719', 'FIRST_FILING', '123131321', ('1985-09-25 17:45:30.005'), '123456719', NULL, 'F000008', 'UNDISCOUNTED', 0, NULL, NULL, NULL, NULL, NULL, NULL, NULL, 'ewrewre', NULL, NULL, NULL, 'MANUAL', 'MANUAL', 'BLANK', 'ACTIVE', 'US_FIRST_FILING', NULL, 1, 1, 5, 1, -1, -1)
INSERT into BB_APPLICATION_BASE (BB_APPLICATION_ID, MODIFIED_BY, MODIFIED_ON, CREATED_BY, CREATED_ON, VERSION, APPLICATION_NUMBER_RAW, CHILD_APPLICATION_TYPE, CONFIRMATION_NUMBER, FILING_DATE, APPLICATION_NUMBER, DESCRIPTION, FAMILY_ID, ENTITY, EXPORT_CONTROL, IDS_RELEVANT_STATUS, PROSECUTION_STATUS, ART_UNIT, EXAMINER, FIRST_NAME_INVENTOR, ISSUED_ON, PATENT_NUMBER_RAW, TITLE, PUBLICATION_NUMBER, PUBLICATION_NUMBER_RAW, PUBLISHED_ON, SOURCE, SUB_SOURCE, BB_NEW_RECORD_STATUS, RECORD_STATUS, SCENARIO, BB_COMMENT, BB_ASSIGNEE, BB_ATTORNEY_DOCKET, BB_CUSTOMER, BB_JURISDICTION, BB_ORGANIZATION, BB_TECHNOLOGY_GROUP) VALUES (10, 1, ('2015-09-25 17:45:30.005'), 1, ('1995-09-25 17:45:30.005'), 0, '876543212', 'FIRST_FILING', '123131321', ('1985-09-25 17:45:30.005'), '876543212', NULL, 'F000008', 'UNDISCOUNTED', 0, NULL, NULL, NULL, NULL, NULL, NULL, NULL, 'ewrewre', NULL, NULL, NULL, 'MANUAL', 'MANUAL', 'BLANK', 'ACTIVE', 'US_FIRST_FILING', NULL, 1, 1, 5, 1, -1, -1)

SET IDENTITY_INSERT [dbo].[BB_APPLICATION_BASE] OFF

SET IDENTITY_INSERT [dbo].[BB_EXCLUSION_LIST] ON 
INSERT [dbo].[BB_EXCLUSION_LIST] ([ID], [MODIFIED_BY], [MODIFIED_ON], [APPLICATION_NUMBER], [APPLICATION_NUMBER_RAW], [CUSTOMER_NUMBER], [JURISDICTION], [STATUS]) VALUES (CAST(1 AS Numeric(19, 0)), CAST(1 AS Numeric(19, 0)), CAST(0x0000A53F00000000 AS DateTime), N'12345679', N'12345679', N'136388', N'US', N'ACTIVE')
SET IDENTITY_INSERT [dbo].[BB_EXCLUSION_LIST] OFF

--Correspondence TestData
SET IDENTITY_INSERT [dbo].[BB_CORRESPONDENCE] ON 
INSERT [dbo].[BB_CORRESPONDENCE] ([BB_CORRESPONDENCE_ID], [MODIFIED_BY], [MODIFIED_ON], [CREATED_BY], [CREATED_ON], [VERSION], [ATTACHMENT_SIZE], [COMMENT], [N417_EFS_ID], [FILING_DATE], [MAILING_DATE], [ATTACHMENT_PAGE_COUNT], [PARENT_CHILD], [SOURCE], [SPLIT_ID], [STATUS], [SUB_SOURCE], [OCR_STATUS], [PRIVATE_PAIR_UPLOAD_DATE], [STEP], [STEP_STATUS], [BB_APPLICATION_ID], [BB_DOCUMENT_CODE_ID]) VALUES (1, 1, CAST(0x0000A586017F5641 AS DateTime), 1, CAST(0x0000A58400CF13AB AS DateTime), 0, 62966, N'zxc cxc', NULL, NULL, CAST(0x0000A55600000000 AS DateTime), 2, NULL, N'MANUAL', NULL, N'ACTIVE', N'SINGLE', NULL, NULL, N'OCR', N'NEW', 4, 4)
INSERT [dbo].[BB_CORRESPONDENCE] ([BB_CORRESPONDENCE_ID], [CREATED_BY], [CREATED_ON], [MODIFIED_BY], [MODIFIED_ON], [VERSION], [ATTACHMENT_SIZE], [COMMENT], [N417_EFS_ID], [FILING_DATE], [MAILING_DATE], [ATTACHMENT_PAGE_COUNT], [PARENT_CHILD], [SOURCE], [SPLIT_ID], [STATUS], [SUB_SOURCE], [OCR_STATUS], [PRIVATE_PAIR_UPLOAD_DATE], [STEP], [STEP_STATUS], [BB_APPLICATION_ID], [BB_DOCUMENT_CODE_ID]) VALUES (2, 2, CAST(N'2016-01-08 15:51:16.603' AS DateTime), 2, CAST(N'2016-01-08 15:51:16.603' AS DateTime), 0, 62966, NULL, NULL, NULL, CAST(N'2015-11-20 00:00:00.000' AS DateTime), 2, NULL, N'MANUAL', NULL, N'ACTIVE', N'SINGLE', NULL, NULL, N'OCR', N'NEW', 6, 4)
INSERT [dbo].[BB_CORRESPONDENCE] ([BB_CORRESPONDENCE_ID], [CREATED_BY], [CREATED_ON], [MODIFIED_BY], [MODIFIED_ON], [VERSION], [ATTACHMENT_SIZE], [COMMENT], [N417_EFS_ID], [FILING_DATE], [MAILING_DATE], [ATTACHMENT_PAGE_COUNT], [PARENT_CHILD], [SOURCE], [SPLIT_ID], [STATUS], [SUB_SOURCE], [OCR_STATUS], [PRIVATE_PAIR_UPLOAD_DATE], [STEP], [STEP_STATUS], [BB_APPLICATION_ID], [BB_DOCUMENT_CODE_ID]) VALUES (3, 2, CAST(N'2016-01-08 15:52:25.067' AS DateTime), 2, CAST(N'2016-01-08 15:52:56.720' AS DateTime), 0, 168229, NULL, NULL, NULL, CAST(N'2014-11-20 00:00:00.000' AS DateTime), 3, NULL, N'MANUAL', NULL, N'ACTIVE', N'SINGLE', NULL, NULL, N'OCR', N'NEW', 2, 5)
INSERT [dbo].[BB_CORRESPONDENCE] ([BB_CORRESPONDENCE_ID], [CREATED_BY], [CREATED_ON], [MODIFIED_BY], [MODIFIED_ON], [VERSION], [ATTACHMENT_SIZE], [COMMENT], [N417_EFS_ID], [FILING_DATE], [MAILING_DATE], [ATTACHMENT_PAGE_COUNT], [PARENT_CHILD], [SOURCE], [SPLIT_ID], [STATUS], [SUB_SOURCE], [OCR_STATUS], [PRIVATE_PAIR_UPLOAD_DATE], [STEP], [STEP_STATUS], [BB_APPLICATION_ID], [BB_DOCUMENT_CODE_ID]) VALUES (4, 2, CAST(N'2016-01-08 15:52:25.067' AS DateTime), 2, CAST(N'2016-01-08 15:52:56.720' AS DateTime), 0, 168229, NULL, NULL, NULL, CAST(N'2014-11-20 00:00:00.000' AS DateTime), 3, NULL, N'MANUAL', NULL, N'ACTIVE', N'SINGLE', NULL, NULL, N'OCR', N'NEW', 6, 4)
INSERT [dbo].[BB_CORRESPONDENCE] ([BB_CORRESPONDENCE_ID], [CREATED_BY], [CREATED_ON], [MODIFIED_BY], [MODIFIED_ON], [VERSION], [ATTACHMENT_SIZE], [COMMENT], [N417_EFS_ID], [FILING_DATE], [MAILING_DATE], [ATTACHMENT_PAGE_COUNT], [PARENT_CHILD], [SOURCE], [SPLIT_ID], [STATUS], [SUB_SOURCE], [OCR_STATUS], [PRIVATE_PAIR_UPLOAD_DATE], [STEP], [STEP_STATUS], [BB_APPLICATION_ID], [BB_DOCUMENT_CODE_ID]) VALUES (5, 1, CAST(N'2016-01-08 15:51:16.603' AS DateTime), 1, CAST(N'2016-01-08 17:51:16.603' AS DateTime), 0, 62966, NULL, NULL, NULL, CAST(N'2015-11-20 00:00:00.000' AS DateTime), 2, NULL, N'MANUAL', NULL, N'ACTIVE', N'SINGLE', NULL, NULL, N'OCR', N'NEW', 3, 5)
INSERT [dbo].[BB_CORRESPONDENCE] ([BB_CORRESPONDENCE_ID], [CREATED_BY], [CREATED_ON], [MODIFIED_BY], [MODIFIED_ON], [VERSION], [ATTACHMENT_SIZE], [COMMENT], [N417_EFS_ID], [FILING_DATE], [MAILING_DATE], [ATTACHMENT_PAGE_COUNT], [PARENT_CHILD], [SOURCE], [SPLIT_ID], [STATUS], [SUB_SOURCE], [OCR_STATUS], [PRIVATE_PAIR_UPLOAD_DATE], [STEP], [STEP_STATUS], [BB_APPLICATION_ID], [BB_DOCUMENT_CODE_ID]) VALUES (6, 2, CAST(N'2016-01-08 15:52:25.067' AS DateTime), 1, CAST(N'2016-01-08 12:52:56.720' AS DateTime), 0, 168229, NULL, NULL, NULL, CAST(N'2015-11-20 00:00:00.000' AS DateTime), 3, NULL, N'MANUAL', NULL, N'ACTIVE', N'SINGLE', NULL, NULL, N'OCR', N'NEW', 6, 6)
INSERT [dbo].[BB_CORRESPONDENCE] ([BB_CORRESPONDENCE_ID], [CREATED_BY], [CREATED_ON], [MODIFIED_BY], [MODIFIED_ON], [VERSION], [ATTACHMENT_SIZE], [COMMENT], [N417_EFS_ID], [FILING_DATE], [MAILING_DATE], [ATTACHMENT_PAGE_COUNT], [PARENT_CHILD], [SOURCE], [SPLIT_ID], [STATUS], [SUB_SOURCE], [OCR_STATUS], [PRIVATE_PAIR_UPLOAD_DATE], [STEP], [STEP_STATUS], [BB_APPLICATION_ID], [BB_DOCUMENT_CODE_ID]) VALUES (7, 2, CAST(N'2016-01-08 15:52:25.067' AS DateTime), 2, CAST(N'2016-01-08 13:52:56.720' AS DateTime), 0, 168229, N'Delete Filing Reciept1', NULL, NULL, CAST(N'2015-11-20 00:00:00.000' AS DateTime), 3, NULL, N'MANUAL', NULL, N'DROPPED', N'SINGLE', NULL, NULL, N'OCR', N'NEW', 6, 4)
INSERT [dbo].[BB_CORRESPONDENCE] ([BB_CORRESPONDENCE_ID], [CREATED_BY], [CREATED_ON], [MODIFIED_BY], [MODIFIED_ON], [VERSION], [ATTACHMENT_SIZE], [COMMENT], [N417_EFS_ID], [FILING_DATE], [MAILING_DATE], [ATTACHMENT_PAGE_COUNT], [PARENT_CHILD], [SOURCE], [SPLIT_ID], [STATUS], [SUB_SOURCE], [OCR_STATUS], [PRIVATE_PAIR_UPLOAD_DATE], [STEP], [STEP_STATUS], [BB_APPLICATION_ID], [BB_DOCUMENT_CODE_ID]) VALUES (8, 2, CAST(N'2016-01-08 15:52:25.067' AS DateTime), 2, CAST(N'2016-01-08 17:52:56.720' AS DateTime), 0, 168229, N'Delete Filing Reciept2', NULL, NULL, CAST(N'2014-11-20 00:00:00.000' AS DateTime), 3, NULL, N'MANUAL', NULL, N'DROPPED', N'SINGLE', NULL, NULL, N'OCR', N'NEW', 6, 5)
INSERT [dbo].[BB_CORRESPONDENCE] ([BB_CORRESPONDENCE_ID], [CREATED_BY], [CREATED_ON], [MODIFIED_BY], [MODIFIED_ON], [VERSION], [ATTACHMENT_SIZE], [COMMENT], [N417_EFS_ID], [FILING_DATE], [MAILING_DATE], [ATTACHMENT_PAGE_COUNT], [PARENT_CHILD], [SOURCE], [SPLIT_ID], [STATUS], [SUB_SOURCE], [OCR_STATUS], [PRIVATE_PAIR_UPLOAD_DATE], [STEP], [STEP_STATUS], [BB_APPLICATION_ID], [BB_DOCUMENT_CODE_ID]) VALUES (9, 2, CAST(N'2016-01-08 15:52:25.067' AS DateTime), 2, CAST(N'2016-01-08 16:52:56.720' AS DateTime), 0, 168229, N'Delete Filing Reciept3', NULL, NULL, CAST(N'2015-11-20 00:00:00.000' AS DateTime), 3, NULL, N'MANUAL', NULL, N'DROPPED', N'SINGLE', NULL, NULL, N'OCR', N'NEW', 6, 7)
INSERT [dbo].[BB_CORRESPONDENCE] ([BB_CORRESPONDENCE_ID], [CREATED_BY], [CREATED_ON], [MODIFIED_BY], [MODIFIED_ON], [VERSION], [ATTACHMENT_SIZE], [COMMENT], [N417_EFS_ID], [FILING_DATE], [MAILING_DATE], [ATTACHMENT_PAGE_COUNT], [PARENT_CHILD], [SOURCE], [SPLIT_ID], [STATUS], [SUB_SOURCE], [OCR_STATUS], [PRIVATE_PAIR_UPLOAD_DATE], [STEP], [STEP_STATUS], [BB_APPLICATION_ID], [BB_DOCUMENT_CODE_ID]) VALUES (10, 2, CAST(N'2016-01-08 15:52:25.067' AS DateTime), 2, CAST(N'2016-01-08 16:52:56.720' AS DateTime), 0, 168229, N'Delete Filing Reciept4', NULL, NULL, CAST(N'2015-11-20 00:00:00.000' AS DateTime), 3, NULL, N'MANUAL', NULL, N'DROPPED', N'SINGLE', NULL, NULL, N'OCR', N'NEW', 3, 8)
INSERT [dbo].[BB_CORRESPONDENCE] ([BB_CORRESPONDENCE_ID], [CREATED_BY], [CREATED_ON], [MODIFIED_BY], [MODIFIED_ON], [VERSION], [ATTACHMENT_SIZE], [COMMENT], [N417_EFS_ID], [FILING_DATE], [MAILING_DATE], [ATTACHMENT_PAGE_COUNT], [PARENT_CHILD], [SOURCE], [SPLIT_ID], [STATUS], [SUB_SOURCE], [OCR_STATUS], [PRIVATE_PAIR_UPLOAD_DATE], [STEP], [STEP_STATUS], [BB_APPLICATION_ID], [BB_DOCUMENT_CODE_ID]) VALUES (11, 2, CAST(N'2016-01-08 15:52:25.067' AS DateTime), 2, CAST(N'2016-01-08 16:52:56.720' AS DateTime), 0, 168229, N'Delete Filing Reciept5', NULL, NULL, CAST(N'2016-03-20 00:00:00.000' AS DateTime), 3, NULL, N'MANUAL', NULL, N'DROPPED', N'SINGLE', NULL, NULL, N'OCR', N'NEW', 2, 9)
INSERT [dbo].[BB_CORRESPONDENCE] ([BB_CORRESPONDENCE_ID], [CREATED_BY], [CREATED_ON], [MODIFIED_BY], [MODIFIED_ON], [VERSION], [ATTACHMENT_SIZE], [COMMENT], [N417_EFS_ID], [FILING_DATE], [MAILING_DATE], [ATTACHMENT_PAGE_COUNT], [PARENT_CHILD], [SOURCE], [SPLIT_ID], [STATUS], [SUB_SOURCE], [OCR_STATUS], [PRIVATE_PAIR_UPLOAD_DATE], [STEP], [STEP_STATUS], [BB_APPLICATION_ID], [BB_DOCUMENT_CODE_ID]) VALUES (12, 2, CAST(N'2016-01-08 15:52:25.067' AS DateTime), 2, CAST(N'2016-01-08 16:52:56.720' AS DateTime), 0, 168229, N'Delete Filing Reciept6', NULL, NULL, CAST(N'2015-11-20 00:00:00.000' AS DateTime), 3, NULL, N'MANUAL', NULL, N'DROPPED', N'SINGLE', NULL, NULL, N'OCR', N'NEW', 3, 4)
SET IDENTITY_INSERT [dbo].[BB_CORRESPONDENCE] OFF

SET IDENTITY_INSERT [dbo].[BB_REFERENCE_BASE_DATA] ON 
INSERT [dbo].[BB_REFERENCE_BASE_DATA] ([BB_REFERENCE_BASE_DATA_ID], [MODIFIED_BY], [MODIFIED_ON], [CREATED_BY], [CREATED_ON], [VERSION], [ACTIVE], [COUPLING_ID], [FAMILY_ID], [PRIMARY_COUPLE], [PUBLICATION_NUMBER], [REFERENCE_CATEGORY], [REFERENCE_COMMENTS], [REFERENCE_FLOW_FLAG], [REFERENCE_RECORD_ID], [REFERENCE_SOURCE], [REFERENCE_STATUS], [REFERENCE_SUB_SOURCE], [REFERENCE_TYPE], [REVIEWED_STATUS], [SELF_CITATION_CREATION_DATE], [SOURCE_APPLICATION], [BB_APPLICATION_ID], [BB_CORRESPONDENCE_ID], [BB_JURISDICTION_ID], [BB_OCR_DATA_ID], [PARENT_REFERENCE_ID], [BB_SOURCE_REFERENCE_ID], [MAILING_DATE], [NOTIFICATION_SENT]) VALUES (1, NULL, NULL, 1, CAST(0x0000A58301420AEE AS DateTime), 0, 1, NULL, N'F000008', 0, N'12345', N'SELF_CITATION', N'test', 1, NULL, N'MANUAL', N'NEW', N'MANUAL', N'PUS', 0, CAST(0x0000A58301420AD9 AS DateTime), NULL, 4, 1, 1, NULL, 1, NULL, NULL, NULL)
SET IDENTITY_INSERT [dbo].[BB_REFERENCE_BASE_DATA] OFF


--Correspondence Jobs Data
SET IDENTITY_INSERT [dbo].[BB_JOBS] ON 
INSERT [dbo].[BB_JOBS] ([BB_JOB_FILES_ID], [CREATED_BY], [CREATED_ON], [MODIFIED_BY], [MODIFIED_ON], [VERSION], [COMMENTS], [EMAIL], [STATUS], [TYPE]) VALUES (1, 2, CAST(N'2016-01-07 19:13:26.120' AS DateTime), 3, CAST(N'2016-01-07 23:42:01.647' AS DateTime), 2, N'', N'junit@bbx.com', N'NEW', N'PAIR')
INSERT [dbo].[BB_JOBS] ([BB_JOB_FILES_ID], [TYPE], [STATUS], [EMAIL], [COMMENTS], [CREATED_BY], [CREATED_ON], [MODIFIED_BY], [MODIFIED_ON], [VERSION]) VALUES (21, N'BULK', N'NEW', N'lalit.ait@gmail.com', N'', N'27', CAST(N'2016-01-06 16:48:24.657' AS DateTime), N'27', CAST(N'2016-01-06 16:48:24.657' AS DateTime), 1)
SET IDENTITY_INSERT [dbo].[BB_JOBS] OFF

SET IDENTITY_INSERT [dbo].[BB_WEB_CRAWLER_JOB_STATUS] ON 

INSERT [dbo].[BB_WEB_CRAWLER_JOB_STATUS] ([ID], [JOB_NAME], [HOST_NOT_FOUND_RETRIES], [USPTO_UPDATING_RETRIES], [MAX_HOST_NOT_FOUND_RETRIES], [MAX_USPTO_UPDATING_RETRIES], [MAX_XML_CORRUPT_COUNT], [MAX_XML_UI_MISMATCH_COUNT], [XML_CORRUPT_COUNT], [XML_UI_MISMATCH_COUNT], [MAX_RECORD_RETRY_COUNT]) VALUES (CAST(1 AS Numeric(19, 0)), N'OutgoingCorrespondenceJob', 0, 0, 1, 1, 1, 1, 0, 0, 3)

INSERT [dbo].[BB_WEB_CRAWLER_JOB_STATUS] ([ID], [JOB_NAME], [HOST_NOT_FOUND_RETRIES], [USPTO_UPDATING_RETRIES], [MAX_HOST_NOT_FOUND_RETRIES], [MAX_USPTO_UPDATING_RETRIES], [MAX_XML_CORRUPT_COUNT], [MAX_XML_UI_MISMATCH_COUNT], [XML_CORRUPT_COUNT], [XML_UI_MISMATCH_COUNT], [MAX_RECORD_RETRY_COUNT]) VALUES (CAST(2 AS Numeric(19, 0)), N'CreateApplicationJob', 0, 0, 1, 1, 1, 1, 0, 0, 3)

INSERT [dbo].[BB_WEB_CRAWLER_JOB_STATUS] ([ID], [JOB_NAME], [HOST_NOT_FOUND_RETRIES], [USPTO_UPDATING_RETRIES], [MAX_HOST_NOT_FOUND_RETRIES], [MAX_USPTO_UPDATING_RETRIES], [MAX_XML_CORRUPT_COUNT], [MAX_XML_UI_MISMATCH_COUNT], [XML_CORRUPT_COUNT], [XML_UI_MISMATCH_COUNT], [MAX_RECORD_RETRY_COUNT]) VALUES (CAST(3 AS Numeric(19, 0)), N'IFWDocDownloadJob', 0, 1, 1, 1, 1, 1, 0, 0, 3)

INSERT [dbo].[BB_WEB_CRAWLER_JOB_STATUS] ([ID], [JOB_NAME], [HOST_NOT_FOUND_RETRIES], [USPTO_UPDATING_RETRIES], [MAX_HOST_NOT_FOUND_RETRIES], [MAX_USPTO_UPDATING_RETRIES], [MAX_XML_CORRUPT_COUNT], [MAX_XML_UI_MISMATCH_COUNT], [XML_CORRUPT_COUNT], [XML_UI_MISMATCH_COUNT], [MAX_RECORD_RETRY_COUNT]) VALUES (CAST(4 AS Numeric(19, 0)), N'WebCrawlerPrivatePairAuditJob', 0, 0, 1, 1, 1, 1, 0, 0, 3)

SET IDENTITY_INSERT [dbo].[BB_WEB_CRAWLER_JOB_STATUS] OFF


SET IDENTITY_INSERT [dbo].[BB_SCR_CREATE_APPLICATION] ON 
INSERT [dbo].[BB_SCR_CREATE_APPLICATION] ([ID], [APPLICATION_NUMBER_FORMATTED], [CUSTOMER_NUMBER], [JURISDICTION_CODE], [CORRESPONDENCE_LINK], [RETRY_COUNT],  [STATUS], [CREATED_BY], [CREATED_ON], [MODIFIED_BY], [MODIFIED_ON], [FILING_DATE], [FAMILY_ID], [BASE_APPLICATION_QUEUE_ID] ,[APPLICATION_NUMBER_RAW]) VALUES (CAST(2001001 AS Numeric(19, 0)), N'12345678', N'22971', N'US', NULL, 2,  N'INITIATED', CAST(-1 AS Numeric(19, 0)), CAST(N'2015-12-19 16:03:58.150' AS DateTime), CAST(-1 AS Numeric(19, 0)), CAST(N'2015-12-19 16:03:58.150' AS DateTime), CAST(N'2010-12-14 00:00:00.000' AS DateTime),  'F000008', NULL ,  N'12345678')

INSERT [dbo].[BB_SCR_CREATE_APPLICATION] ([ID], [APPLICATION_NUMBER_FORMATTED], [CUSTOMER_NUMBER], [JURISDICTION_CODE], [CORRESPONDENCE_LINK], [RETRY_COUNT], [STATUS], [CREATED_BY], [CREATED_ON], [MODIFIED_BY], [MODIFIED_ON], [FILING_DATE],  [FAMILY_ID], [BASE_APPLICATION_QUEUE_ID], [APPLICATION_NUMBER_RAW]) VALUES (CAST(2001002 AS Numeric(19, 0)), N'87654321', N'22971', N'US', NULL, 0,  N'INITIATED', CAST(-1 AS Numeric(19, 0)), CAST(N'2015-12-19 16:17:57.993' AS DateTime), CAST(-1 AS Numeric(19, 0)), CAST(N'2015-12-19 16:17:57.993' AS DateTime), CAST(N'2010-12-14 00:00:00.000' AS DateTime),  'F000009', NULL,  N'87654321')
SET IDENTITY_INSERT [dbo].[BB_SCR_CREATE_APPLICATION] OFF

SET IDENTITY_INSERT [dbo].[BB_SCR_FIND_FAMILY] ON 

INSERT [dbo].[BB_SCR_FIND_FAMILY] ([ID], [APPLICATION_NUMBER_FORMATTED], [CREATED_BY], [CREATED_ON], [CUSTOMER_NUMBER], [JURISDICTION_CODE], [MODIFIED_BY], [MODIFIED_ON], [APPLICATION_STAGE_ID], [BASE_APPLICATION_QUEUE_ID], [FAMILY_ID], [FILING_DATE], [FIRST_FILING_APPLICATION], [RETRY_COUNT], [STATUS], [Family_TYPE], [APPLICATION_NUMBER_RAW]) VALUES (200001, N'14310489', 2, CAST(0x0000A586012EF06C AS DateTime), N'123-456-ABC', N'US', 2, CAST(0x0000A586012EF06C AS DateTime), NULL, NULL, N'F000002', CAST(0x0000A59B00000000 AS DateTime), NULL, 2, N'NO_FOREIGN_PRIORITY_FOUND', N'FOREIGN_PRIORITY', N'14310489')
INSERT [dbo].[BB_SCR_FIND_FAMILY] ([ID], [APPLICATION_NUMBER_FORMATTED], [CREATED_BY], [CREATED_ON], [CUSTOMER_NUMBER], [JURISDICTION_CODE], [MODIFIED_BY], [MODIFIED_ON], [APPLICATION_STAGE_ID], [BASE_APPLICATION_QUEUE_ID], [FAMILY_ID], [FILING_DATE], [FIRST_FILING_APPLICATION], [RETRY_COUNT], [STATUS], [Family_TYPE], [APPLICATION_NUMBER_RAW]) VALUES (200002, N'14933258', 2, CAST(0x0000A5860131246B AS DateTime), N'136388', N'US', 2, CAST(0x0000A5860131246B AS DateTime), NULL, NULL, N'F000004', CAST(0x0000A59C00000000 AS DateTime), NULL, 1, N'NO_FOREIGN_PRIORITY_FOUND', N'FOREIGN_PRIORITY', N'14933258')
INSERT [dbo].[BB_SCR_FIND_FAMILY] ([ID], [APPLICATION_NUMBER_FORMATTED], [CREATED_BY], [CREATED_ON], [CUSTOMER_NUMBER], [JURISDICTION_CODE], [MODIFIED_BY], [MODIFIED_ON], [APPLICATION_STAGE_ID], [BASE_APPLICATION_QUEUE_ID], [FAMILY_ID], [FILING_DATE], [FIRST_FILING_APPLICATION], [RETRY_COUNT], [STATUS], [Family_TYPE], [APPLICATION_NUMBER_RAW]) VALUES (200003, N'PCT/UW14/65656', 2, CAST(0x0000A586012EF06C AS DateTime), N'123-456-ABC', N'US', 2, CAST(0x0000A586012EF06C AS DateTime), NULL, NULL, N'F000002', CAST(0x0000A59B00000000 AS DateTime), NULL, 2, N'INITIATED', N'PARENT', N'14310489')
INSERT [dbo].[BB_SCR_FIND_FAMILY] ([ID], [APPLICATION_NUMBER_FORMATTED], [CREATED_BY], [CREATED_ON], [CUSTOMER_NUMBER], [JURISDICTION_CODE], [MODIFIED_BY], [MODIFIED_ON], [APPLICATION_STAGE_ID], [BASE_APPLICATION_QUEUE_ID], [FAMILY_ID], [FILING_DATE], [FIRST_FILING_APPLICATION], [RETRY_COUNT], [STATUS], [Family_TYPE], [APPLICATION_NUMBER_RAW]) VALUES (200004, N'PCT/UW14/041615', 2, CAST(0x0000A586012EF06C AS DateTime), N'123-456-ABC', N'US', 2, CAST(0x0000A586012EF06C AS DateTime), NULL, NULL, N'F000002', CAST(0x0000A59B00000000 AS DateTime), NULL, 2, N'INITIATED', N'CHILD', N'14310489')
INSERT [dbo].[BB_SCR_FIND_FAMILY] ([ID], [APPLICATION_NUMBER_FORMATTED], [CREATED_BY], [CREATED_ON], [CUSTOMER_NUMBER], [JURISDICTION_CODE], [MODIFIED_BY], [MODIFIED_ON], [APPLICATION_STAGE_ID], [BASE_APPLICATION_QUEUE_ID], [FAMILY_ID], [FILING_DATE], [FIRST_FILING_APPLICATION], [RETRY_COUNT], [STATUS], [Family_TYPE], [APPLICATION_NUMBER_RAW]) VALUES (200005, N'14933260', 2, CAST(0x0000A5860131246B AS DateTime), N'123-456-ABC', N'US', 2, CAST(0x0000A5860131246B AS DateTime), NULL, NULL, N'F000004', CAST(0x0000A59C00000000 AS DateTime), NULL, 1, N'INITIATED', N'FOREIGN_PRIORITY', N'14933258')

SET IDENTITY_INSERT [dbo].[BB_SCR_FIND_FAMILY] OFF




---------------------------------------------Correspondencee Action Item Tab Data Starts---------------------------------------------------------------------
SET IDENTITY_INSERT [dbo].[BB_CORRESPONDENCE] ON 
INSERT INTO [dbo].[BB_CORRESPONDENCE] ([BB_CORRESPONDENCE_ID],[MODIFIED_BY],[MODIFIED_ON],[CREATED_BY],[CREATED_ON],[VERSION],[ATTACHMENT_SIZE],[COMMENT],[N417_EFS_ID],[FILING_DATE],[MAILING_DATE],[ATTACHMENT_PAGE_COUNT],[PARENT_CHILD],[SOURCE],[SPLIT_ID],[STATUS],[SUB_SOURCE],[OCR_STATUS],[PRIVATE_PAIR_UPLOAD_DATE],[STEP],[STEP_STATUS],[BB_APPLICATION_ID],[BB_DOCUMENT_CODE_ID]) VALUES(13,2,CAST(N'2016-01-08 15:51:16.603' AS DateTime),2,CAST(N'2016-01-08 15:51:16.603' AS DateTime),0,62966,NULL,NULL,NULL ,CAST(N'2015-09-15 00:00:00.000' AS DateTime),2,NULL,N'MANUAL',NULL, N'ERROR', N'SINGLE', N'FAILED', NULL, N'OCR', N'NEW', 1, 4)
	 
INSERT INTO [dbo].[BB_CORRESPONDENCE] ([BB_CORRESPONDENCE_ID],[MODIFIED_BY],[MODIFIED_ON],[CREATED_BY],[CREATED_ON],[VERSION],[ATTACHMENT_SIZE],[COMMENT],[N417_EFS_ID],[FILING_DATE],[MAILING_DATE],[ATTACHMENT_PAGE_COUNT],[PARENT_CHILD],[SOURCE],[SPLIT_ID],[STATUS],[SUB_SOURCE],[OCR_STATUS],[PRIVATE_PAIR_UPLOAD_DATE],[STEP],[STEP_STATUS],[BB_APPLICATION_ID] ,[BB_DOCUMENT_CODE_ID]) VALUES(14,2,CAST(N'2016-01-08 15:51:16.603' AS DateTime),2,CAST(N'2016-01-08 15:51:16.603' AS DateTime),0,62966,NULL,NULL,NULL, CAST(N'2015-09-15 00:00:00.000' AS DateTime),2,NULL,N'MANUAL',NULL, N'ERROR', N'SINGLE', N'FAILED', NULL, N'OCR', N'NEW', 2, 4)

INSERT INTO [dbo].[BB_CORRESPONDENCE] ([BB_CORRESPONDENCE_ID],[MODIFIED_BY],[MODIFIED_ON],[CREATED_BY],[CREATED_ON],[VERSION],[ATTACHMENT_SIZE],[COMMENT],[N417_EFS_ID],[FILING_DATE],[MAILING_DATE],[ATTACHMENT_PAGE_COUNT],[PARENT_CHILD],[SOURCE],[SPLIT_ID],[STATUS],[SUB_SOURCE],[OCR_STATUS],[PRIVATE_PAIR_UPLOAD_DATE],[STEP],[STEP_STATUS],[BB_APPLICATION_ID] ,[BB_DOCUMENT_CODE_ID]) VALUES(15,2,CAST(N'2016-01-08 15:51:16.603' AS DateTime),2,CAST(N'2016-01-08 15:51:16.603' AS DateTime),0,62966,NULL,NULL,NULL ,CAST(N'2015-09-15 00:00:00.000' AS DateTime),2,NULL,N'MANUAL',NULL, N'ERROR', N'SINGLE', N'FAILED', NULL, N'OCR', N'NEW', 3, 4)
	 
INSERT INTO [dbo].[BB_CORRESPONDENCE] ([BB_CORRESPONDENCE_ID],[MODIFIED_BY],[MODIFIED_ON],[CREATED_BY],[CREATED_ON],[VERSION],[ATTACHMENT_SIZE],[COMMENT],[N417_EFS_ID],[FILING_DATE],[MAILING_DATE],[ATTACHMENT_PAGE_COUNT],[PARENT_CHILD],[SOURCE],[SPLIT_ID],[STATUS],[SUB_SOURCE],[OCR_STATUS],[PRIVATE_PAIR_UPLOAD_DATE],[STEP],[STEP_STATUS],[BB_APPLICATION_ID] ,[BB_DOCUMENT_CODE_ID]) VALUES(16,2,CAST(N'2016-01-08 15:51:16.603' AS DateTime),2,CAST(N'2016-01-08 15:51:16.603' AS DateTime),0,62966,NULL,NULL,NULL, CAST(N'2015-09-15 00:00:00.000' AS DateTime),2,NULL,N'MANUAL',NULL, N'ERROR', N'SINGLE', N'FAILED', NULL, N'OCR', N'NEW', 1, 4)
	 
INSERT INTO [dbo].[BB_CORRESPONDENCE] ([BB_CORRESPONDENCE_ID],[MODIFIED_BY],[MODIFIED_ON],[CREATED_BY],[CREATED_ON],[VERSION],[ATTACHMENT_SIZE],[COMMENT],[N417_EFS_ID],[FILING_DATE],[MAILING_DATE],[ATTACHMENT_PAGE_COUNT],[PARENT_CHILD],[SOURCE],[SPLIT_ID],[STATUS],[SUB_SOURCE],[OCR_STATUS],[PRIVATE_PAIR_UPLOAD_DATE],[STEP],[STEP_STATUS],[BB_APPLICATION_ID] ,[BB_DOCUMENT_CODE_ID]) VALUES(17,2,CAST(N'2016-01-08 15:51:16.603' AS DateTime),2,CAST(N'2016-01-08 15:51:16.603' AS DateTime),0,62966,NULL,NULL,NULL ,CAST(N'2015-09-15 00:00:00.000' AS DateTime),2,NULL,N'MANUAL',NULL, N'ERROR', N'SINGLE', N'FAILED', NULL, N'OCR', N'NEW', 2, 4)
	 
INSERT INTO [dbo].[BB_CORRESPONDENCE] ([BB_CORRESPONDENCE_ID],[MODIFIED_BY],[MODIFIED_ON],[CREATED_BY],[CREATED_ON],[VERSION],[ATTACHMENT_SIZE],[COMMENT],[N417_EFS_ID],[FILING_DATE],[MAILING_DATE],[ATTACHMENT_PAGE_COUNT],[PARENT_CHILD],[SOURCE],[SPLIT_ID],[STATUS],[SUB_SOURCE],[OCR_STATUS],[PRIVATE_PAIR_UPLOAD_DATE],[STEP],[STEP_STATUS],[BB_APPLICATION_ID] ,[BB_DOCUMENT_CODE_ID]) VALUES(18,2,CAST(N'2016-01-08 15:51:16.603' AS DateTime),2,CAST(N'2016-01-08 15:51:16.603' AS DateTime),0,62966,NULL,NULL,NULL ,CAST(N'2015-09-15 00:00:00.000' AS DateTime),2,NULL,N'MANUAL',NULL, N'ERROR', N'SINGLE', N'FAILED', NULL, N'OCR', N'NEW', 3, 4)
SET IDENTITY_INSERT [dbo].[BB_CORRESPONDENCE] OFF

SET IDENTITY_INSERT [dbo].[BB_SCR_DOWNLOAD_OFFICE_ACTION] ON
INSERT [dbo].[BB_SCR_DOWNLOAD_OFFICE_ACTION] ([ID], [APPLICATION_NUMBER_FORMATTED], [CREATED_BY], [CREATED_ON], [CUSTOMER_NUMBER], [JURISDICTION_CODE], [MODIFIED_BY], [MODIFIED_ON], [DOCUMENT_CODE], [FILING_DATE], [MAILING_DATE], [ATTACHMENT_PAGE_COUNT], [RETRY_COUNT], [STATUS], [APPLICATION_NUMBER_RAW]) VALUES (1, '12345678', 2, CAST(N'2016-01-06 10:45:57.117' AS DateTime), N'9999999999', 'US', NULL, NULL, N'NTC.MISS.PRT', NULL, CAST(N'2016-01-06 10:45:57.117' AS DateTime), 3, 4, 'CRAWLER_ERROR', '12345678')

INSERT [dbo].[BB_SCR_DOWNLOAD_OFFICE_ACTION] ([ID], [APPLICATION_NUMBER_FORMATTED], [CREATED_BY], [CREATED_ON], [CUSTOMER_NUMBER], [JURISDICTION_CODE], [MODIFIED_BY], [MODIFIED_ON], [DOCUMENT_CODE], [FILING_DATE], [MAILING_DATE], [ATTACHMENT_PAGE_COUNT], [RETRY_COUNT], [STATUS], [APPLICATION_NUMBER_RAW]) VALUES (2, '87654321', 2, CAST(N'2016-01-06 10:45:57.117' AS DateTime), N'9999999999', 'US', NULL, NULL, N'NTC.MISS.PRT', NULL, CAST(N'2016-01-06 10:45:57.117' AS DateTime), 3, 4, 'CRAWLER_ERROR', '87654321')

INSERT [dbo].[BB_SCR_DOWNLOAD_OFFICE_ACTION] ([ID], [APPLICATION_NUMBER_FORMATTED], [CREATED_BY], [CREATED_ON], [CUSTOMER_NUMBER], [JURISDICTION_CODE], [MODIFIED_BY], [MODIFIED_ON], [DOCUMENT_CODE], [FILING_DATE], [MAILING_DATE], [ATTACHMENT_PAGE_COUNT], [RETRY_COUNT], [STATUS], [APPLICATION_NUMBER_RAW]) VALUES (3, '12345679', 2, CAST(N'2016-01-06 10:45:57.117' AS DateTime), N'9999999999', 'US', NULL, NULL, N'NTC.MISS.PRT', NULL, CAST(N'2016-01-06 10:45:57.117' AS DateTime), 3, 4, 'CRAWLER_ERROR', '12345679')

INSERT [dbo].[BB_SCR_DOWNLOAD_OFFICE_ACTION] ([ID], [APPLICATION_NUMBER_FORMATTED], [CREATED_BY], [CREATED_ON], [CUSTOMER_NUMBER], [JURISDICTION_CODE], [MODIFIED_BY], [MODIFIED_ON], [DOCUMENT_CODE], [FILING_DATE], [MAILING_DATE], [ATTACHMENT_PAGE_COUNT], [RETRY_COUNT], [STATUS], [APPLICATION_NUMBER_RAW]) VALUES (4, '13456789', 2, CAST(N'2016-01-06 10:45:57.117' AS DateTime), N'9999999999', 'US', NULL, NULL, N'NTC.MISS.PRT', NULL, CAST(N'2016-01-06 10:45:57.117' AS DateTime), 3, 4, 'CRAWLER_ERROR', '13456789')

INSERT [dbo].[BB_SCR_DOWNLOAD_OFFICE_ACTION] ([ID], [APPLICATION_NUMBER_FORMATTED], [CREATED_BY], [CREATED_ON], [CUSTOMER_NUMBER], [JURISDICTION_CODE], [MODIFIED_BY], [MODIFIED_ON], [DOCUMENT_CODE], [FILING_DATE], [MAILING_DATE], [ATTACHMENT_PAGE_COUNT], [RETRY_COUNT], [STATUS], [APPLICATION_NUMBER_RAW]) VALUES (5, '14567893', 2, CAST(N'2016-01-06 10:45:57.117' AS DateTime), N'9999999999', 'US', NULL, NULL, N'NTC.MISS.PRT', NULL, CAST(N'2016-01-06 10:45:57.117' AS DateTime), 3, 4, 'CRAWLER_ERROR', '14567893')

INSERT [dbo].[BB_SCR_DOWNLOAD_OFFICE_ACTION] ([ID], [APPLICATION_NUMBER_FORMATTED], [CREATED_BY], [CREATED_ON], [CUSTOMER_NUMBER], [JURISDICTION_CODE], [MODIFIED_BY], [MODIFIED_ON], [DOCUMENT_CODE], [FILING_DATE], [MAILING_DATE], [ATTACHMENT_PAGE_COUNT], [RETRY_COUNT], [STATUS], [APPLICATION_NUMBER_RAW]) VALUES (6, '152345678', 2, CAST(N'2016-01-06 10:45:57.117' AS DateTime), N'9999999999', 'US', NULL, NULL, N'NTC.MISS.PRT', NULL, CAST(N'2016-01-06 10:45:57.117' AS DateTime), 3, 4, 'CRAWLER_ERROR', '152345678')

INSERT [dbo].[BB_SCR_DOWNLOAD_OFFICE_ACTION] ([ID], [APPLICATION_NUMBER_FORMATTED], [CREATED_BY], [CREATED_ON], [CUSTOMER_NUMBER], [JURISDICTION_CODE], [MODIFIED_BY], [MODIFIED_ON], [DOCUMENT_CODE], [FILING_DATE], [MAILING_DATE], [ATTACHMENT_PAGE_COUNT], [RETRY_COUNT], [STATUS], [APPLICATION_NUMBER_RAW]) VALUES (7, '14933258', 2, CAST(N'2016-01-14 12:20:08.703' AS DateTime), N'136388', N'US', NULL, NULL, N'NTC.MISS.PRT', CAST(N'2013-12-05 00:00:00.000' AS DateTime), CAST(N'2014-05-15 00:00:00.000' AS DateTime), 5, 1, N'INITIATED', N'14933258')

INSERT [dbo].[BB_SCR_DOWNLOAD_OFFICE_ACTION] ([ID], [APPLICATION_NUMBER_FORMATTED], [CREATED_BY], [CREATED_ON], [CUSTOMER_NUMBER], [JURISDICTION_CODE], [MODIFIED_BY], [MODIFIED_ON], [DOCUMENT_CODE], [FILING_DATE], [MAILING_DATE], [ATTACHMENT_PAGE_COUNT], [RETRY_COUNT], [STATUS], [APPLICATION_NUMBER_RAW]) VALUES (8, '14933258', 2, CAST(N'2016-01-14 12:20:08.720' AS DateTime), N'136388', N'US', NULL, NULL, N'NTC.MISS.PRT', CAST(N'2013-12-04 00:00:00.000' AS DateTime), CAST(N'2010-05-13 00:00:00.000' AS DateTime), 2, 1, N'INITIATED', N'14933258')

SET IDENTITY_INSERT [dbo].[BB_SCR_DOWNLOAD_OFFICE_ACTION] OFF

SET IDENTITY_INSERT [dbo].[BB_NOTIFICATION_PROCESS] ON 
INSERT [dbo].[BB_NOTIFICATION_PROCESS] ([BB_NOTIFICATION_PROCESS_ID], [CREATED_BY], [CREATED_ON], [MODIFIED_BY], [MODIFIED_ON], [VERSION], [ACTIVE], [ACTIVITI_PROCESS_ID], [BB_APPLICATION_ID], [BB_CORRESPONDENCE_ID], [ENTITY_ID], [ENTITY_NAME], [NOTIFICATION_PROCESS_TYPE], [NOTIFIED_DATE], [BB_REFERENCE_BASE_DATA_ID], [STATUS], [SUB_NOTIFICATION_PROCESS_TYPE], [LOCKED_BY_USER], [NOTIFICATION_ID], [CURRENT_LEVEL], [DELEGATED]) VALUES (1, 2, CAST(N'2016-01-06 10:45:57.117' AS DateTime), NULL, NULL, 0, 1, '122516', 1, NULL, 1, 'DOWNLOAD_OFFICE_ACTION_QUEUE', 'CORRESPONDENCE_RECORD_FAILED_IN_DOWNLOAD_QUEUE', CAST(N'2016-01-08 10:45:57.117' AS DateTime), NULL, 'PENDING', NULL, NULL, 1, 1, 0)
INSERT [dbo].[BB_NOTIFICATION_PROCESS] ([BB_NOTIFICATION_PROCESS_ID], [CREATED_BY], [CREATED_ON], [MODIFIED_BY], [MODIFIED_ON], [VERSION], [ACTIVE], [ACTIVITI_PROCESS_ID], [BB_APPLICATION_ID], [BB_CORRESPONDENCE_ID], [ENTITY_ID], [ENTITY_NAME], [NOTIFICATION_PROCESS_TYPE], [NOTIFIED_DATE], [BB_REFERENCE_BASE_DATA_ID], [STATUS], [SUB_NOTIFICATION_PROCESS_TYPE], [LOCKED_BY_USER], [NOTIFICATION_ID], [CURRENT_LEVEL], [DELEGATED]) VALUES (2, 2, CAST(N'2016-01-06 10:45:57.117' AS DateTime), NULL, NULL, 0, 1, '122516', 2, NULL, 2, 'DOWNLOAD_OFFICE_ACTION_QUEUE', 'CORRESPONDENCE_RECORD_FAILED_IN_DOWNLOAD_QUEUE', CAST(N'2016-01-08 10:45:57.117' AS DateTime), NULL, 'PENDING', NULL, NULL, 1, 1, 0)
INSERT [dbo].[BB_NOTIFICATION_PROCESS] ([BB_NOTIFICATION_PROCESS_ID], [CREATED_BY], [CREATED_ON], [MODIFIED_BY], [MODIFIED_ON], [VERSION], [ACTIVE], [ACTIVITI_PROCESS_ID], [BB_APPLICATION_ID], [BB_CORRESPONDENCE_ID], [ENTITY_ID], [ENTITY_NAME], [NOTIFICATION_PROCESS_TYPE], [NOTIFIED_DATE], [BB_REFERENCE_BASE_DATA_ID], [STATUS], [SUB_NOTIFICATION_PROCESS_TYPE], [LOCKED_BY_USER], [NOTIFICATION_ID], [CURRENT_LEVEL], [DELEGATED]) VALUES (3, 2, CAST(N'2016-01-06 10:45:57.117' AS DateTime), NULL, NULL, 0, 1, '122516', 3, NULL, 3, 'DOWNLOAD_OFFICE_ACTION_QUEUE', 'CORRESPONDENCE_RECORD_FAILED_IN_DOWNLOAD_QUEUE', CAST(N'2016-01-08 10:45:57.117' AS DateTime), NULL, 'PENDING', NULL, NULL, 1, 1, 0)
INSERT [dbo].[BB_NOTIFICATION_PROCESS] ([BB_NOTIFICATION_PROCESS_ID], [CREATED_BY], [CREATED_ON], [MODIFIED_BY], [MODIFIED_ON], [VERSION], [ACTIVE], [ACTIVITI_PROCESS_ID], [BB_APPLICATION_ID], [BB_CORRESPONDENCE_ID], [ENTITY_ID], [ENTITY_NAME], [NOTIFICATION_PROCESS_TYPE], [NOTIFIED_DATE], [BB_REFERENCE_BASE_DATA_ID], [STATUS], [SUB_NOTIFICATION_PROCESS_TYPE], [LOCKED_BY_USER], [NOTIFICATION_ID], [CURRENT_LEVEL], [DELEGATED]) VALUES (4, 2, CAST(N'2016-01-06 10:45:57.117' AS DateTime), NULL, NULL, 0, 1, '122516', 4, NULL, 4, 'DOWNLOAD_OFFICE_ACTION_QUEUE', 'CORRESPONDENCE_RECORD_FAILED_IN_DOWNLOAD_QUEUE', CAST(N'2016-01-08 10:45:57.117' AS DateTime), NULL, 'PENDING', NULL, NULL, 1, 1, 0)
INSERT [dbo].[BB_NOTIFICATION_PROCESS] ([BB_NOTIFICATION_PROCESS_ID], [CREATED_BY], [CREATED_ON], [MODIFIED_BY], [MODIFIED_ON], [VERSION], [ACTIVE], [ACTIVITI_PROCESS_ID], [BB_APPLICATION_ID], [BB_CORRESPONDENCE_ID], [ENTITY_ID], [ENTITY_NAME], [NOTIFICATION_PROCESS_TYPE], [NOTIFIED_DATE], [BB_REFERENCE_BASE_DATA_ID], [STATUS], [SUB_NOTIFICATION_PROCESS_TYPE], [LOCKED_BY_USER], [NOTIFICATION_ID], [CURRENT_LEVEL], [DELEGATED]) VALUES (5, 2, CAST(N'2016-01-06 10:45:57.117' AS DateTime), NULL, NULL, 0, 1, '122516', 5, NULL, 5, 'DOWNLOAD_OFFICE_ACTION_QUEUE', 'CORRESPONDENCE_RECORD_FAILED_IN_DOWNLOAD_QUEUE', CAST(N'2016-01-08 10:45:57.117' AS DateTime), NULL, 'PENDING', NULL, NULL, 1, 1, 0)
INSERT [dbo].[BB_NOTIFICATION_PROCESS] ([BB_NOTIFICATION_PROCESS_ID], [MODIFIED_BY], [MODIFIED_ON], [CREATED_BY], [CREATED_ON], [VERSION], [ACTIVITI_PROCESS_ID], [NOTIFICATION_PROCESS_TYPE], [ENTITY_ID], [NOTIFICATION_ID], [ACTIVE], [STATUS], [SUB_NOTIFICATION_PROCESS_TYPE], [ENTITY_NAME], [LOCKED_BY_USER], [NOTIFIED_DATE], [BB_APPLICATION_ID], [BB_CORRESPONDENCE_ID], [BB_REFERENCE_BASE_DATA_ID], [CURRENT_LEVEL], [DELEGATED]) VALUES (CAST(100001 AS Numeric(19, 0)), NULL, NULL, CAST(2 AS Numeric(19, 0)), CAST(0x0000A577014C2BD2 AS DateTime), 0, 000001, N'UPDATE_ASSIGNEE',       CAST(1 AS Numeric(19, 0)),       CAST(1 AS Numeric(19, 0)), 1, N'PENDING', N'UPDATE_ASSIGNEE', N'APPLICATION_BASE', NULL, CAST(0x0000A5770187F0A0 AS DateTime), CAST(1 AS Numeric(19, 0)), NULL, NULL, 1, 0)
INSERT [dbo].[BB_NOTIFICATION_PROCESS] ([BB_NOTIFICATION_PROCESS_ID], [MODIFIED_BY], [MODIFIED_ON], [CREATED_BY], [CREATED_ON], [VERSION], [ACTIVITI_PROCESS_ID], [NOTIFICATION_PROCESS_TYPE], [ENTITY_ID], [NOTIFICATION_ID], [ACTIVE], [STATUS], [SUB_NOTIFICATION_PROCESS_TYPE], [ENTITY_NAME], [LOCKED_BY_USER], [NOTIFIED_DATE], [BB_APPLICATION_ID], [BB_CORRESPONDENCE_ID], [BB_REFERENCE_BASE_DATA_ID], [CURRENT_LEVEL], [DELEGATED]) VALUES (CAST(100002 AS Numeric(19, 0)), NULL, NULL, CAST(2 AS Numeric(19, 0)), CAST(0x0000A576014C2BD2 AS DateTime), 0, 000002, N'UPDATE_ASSIGNEE',       CAST(2 AS Numeric(19, 0)),       CAST(1 AS Numeric(19, 0)), 1, N'PENDING', N'UPDATE_ASSIGNEE', N'APPLICATION_BASE', NULL, CAST(0x0000A5760187F0A0 AS DateTime), CAST(2 AS Numeric(19, 0)), NULL, NULL, 1, 0)
INSERT [dbo].[BB_NOTIFICATION_PROCESS] ([BB_NOTIFICATION_PROCESS_ID], [MODIFIED_BY], [MODIFIED_ON], [CREATED_BY], [CREATED_ON], [VERSION], [ACTIVITI_PROCESS_ID], [NOTIFICATION_PROCESS_TYPE], [ENTITY_ID], [NOTIFICATION_ID], [ACTIVE], [STATUS], [SUB_NOTIFICATION_PROCESS_TYPE], [ENTITY_NAME], [LOCKED_BY_USER], [NOTIFIED_DATE], [BB_APPLICATION_ID], [BB_CORRESPONDENCE_ID], [BB_REFERENCE_BASE_DATA_ID], [CURRENT_LEVEL], [DELEGATED]) VALUES (CAST(100003 AS Numeric(19, 0)), NULL, NULL, CAST(2 AS Numeric(19, 0)), CAST(0x0000A576014C2BD2 AS DateTime), 0, 000003, N'UPDATE_ASSIGNEE',       CAST(3 AS Numeric(19, 0)),       CAST(1 AS Numeric(19, 0)), 1, N'PENDING', N'UPDATE_ASSIGNEE', N'APPLICATION_BASE', NULL, CAST(0x0000A5760187F0A0 AS DateTime), CAST(3 AS Numeric(19, 0)), NULL, NULL, 1, 0)
INSERT [dbo].[BB_NOTIFICATION_PROCESS] ([BB_NOTIFICATION_PROCESS_ID], [MODIFIED_BY], [MODIFIED_ON], [CREATED_BY], [CREATED_ON], [VERSION], [ACTIVITI_PROCESS_ID], [NOTIFICATION_PROCESS_TYPE], [ENTITY_ID], [NOTIFICATION_ID], [ACTIVE], [STATUS], [SUB_NOTIFICATION_PROCESS_TYPE], [ENTITY_NAME], [LOCKED_BY_USER], [NOTIFIED_DATE], [BB_APPLICATION_ID], [BB_CORRESPONDENCE_ID], [BB_REFERENCE_BASE_DATA_ID], [CURRENT_LEVEL], [DELEGATED]) VALUES (CAST(100004 AS Numeric(19, 0)), NULL, NULL, CAST(2 AS Numeric(19, 0)), CAST(0x0000A578014C2BD2 AS DateTime), 0, 000004, N'UPDATE_ASSIGNEE',       CAST(4 AS Numeric(19, 0)),       CAST(1 AS Numeric(19, 0)), 1, N'PENDING', N'UPDATE_ASSIGNEE', N'APPLICATION_BASE', NULL, CAST(0x0000A5780187F0A0 AS DateTime), CAST(4 AS Numeric(19, 0)), NULL, NULL, 1, 0)
INSERT [dbo].[BB_NOTIFICATION_PROCESS] ([BB_NOTIFICATION_PROCESS_ID], [MODIFIED_BY], [MODIFIED_ON], [CREATED_BY], [CREATED_ON], [VERSION], [ACTIVITI_PROCESS_ID], [NOTIFICATION_PROCESS_TYPE], [ENTITY_ID], [NOTIFICATION_ID], [ACTIVE], [STATUS], [SUB_NOTIFICATION_PROCESS_TYPE], [ENTITY_NAME], [LOCKED_BY_USER], [NOTIFIED_DATE], [BB_APPLICATION_ID], [BB_CORRESPONDENCE_ID], [BB_REFERENCE_BASE_DATA_ID], [CURRENT_LEVEL], [DELEGATED]) VALUES (CAST(100005 AS Numeric(19, 0)), NULL, NULL, CAST(2 AS Numeric(19, 0)), CAST(0x0000A575014C2BD2 AS DateTime), 0, 10002, N'UPDATE_FAMILY_LINKAGE', CAST(200001 AS Numeric(19, 0)), CAST(15 AS Numeric(19, 0)), 1, N'PENDING', N'UPDATE_FAMILY_LINKAGE', N'FIND_FAMILY_QUEUE', NULL, CAST(0x0000A5760187F0A0 AS DateTime), CAST(1 AS Numeric(19, 0)), NULL, NULL, 1, 0)
INSERT [dbo].[BB_NOTIFICATION_PROCESS] ([BB_NOTIFICATION_PROCESS_ID], [MODIFIED_BY], [MODIFIED_ON], [CREATED_BY], [CREATED_ON], [VERSION], [ACTIVITI_PROCESS_ID], [NOTIFICATION_PROCESS_TYPE], [ENTITY_ID], [NOTIFICATION_ID], [ACTIVE], [STATUS], [SUB_NOTIFICATION_PROCESS_TYPE], [ENTITY_NAME], [LOCKED_BY_USER], [NOTIFIED_DATE], [BB_APPLICATION_ID], [BB_CORRESPONDENCE_ID], [BB_REFERENCE_BASE_DATA_ID], [CURRENT_LEVEL], [DELEGATED]) VALUES (CAST(100006 AS Numeric(19, 0)), NULL, NULL, CAST(2 AS Numeric(19, 0)), CAST(0x0000A575014C2BD2 AS DateTime), 0, 10003, N'UPDATE_FAMILY_LINKAGE', CAST(200002 AS Numeric(19, 0)), CAST(1 AS Numeric(19, 0)), 1, N'PENDING', N'UPDATE_FAMILY_LINKAGE', N'FIND_FAMILY_QUEUE', NULL, CAST(0x0000A5760187F0A0 AS DateTime), CAST(4 AS Numeric(19, 0)), NULL, NULL, 1, 0)
INSERT [dbo].[BB_NOTIFICATION_PROCESS] ([BB_NOTIFICATION_PROCESS_ID], [MODIFIED_BY], [MODIFIED_ON], [CREATED_BY], [CREATED_ON], [VERSION], [ACTIVITI_PROCESS_ID], [NOTIFICATION_PROCESS_TYPE], [ENTITY_ID], [NOTIFICATION_ID], [ACTIVE], [STATUS], [SUB_NOTIFICATION_PROCESS_TYPE], [ENTITY_NAME], [LOCKED_BY_USER], [NOTIFIED_DATE], [BB_APPLICATION_ID], [BB_CORRESPONDENCE_ID], [BB_REFERENCE_BASE_DATA_ID], [CURRENT_LEVEL], [DELEGATED]) VALUES (CAST(301001 AS Numeric(19, 0)), NULL, NULL, CAST(1 AS Numeric(19, 0)), CAST(0x0000A578014C2BD2 AS DateTime), 0,	000005, N'CREATE_FAMILY_MEMBER ', CAST(2001001 AS Numeric(19, 0)), CAST(1 AS Numeric(19, 0)), 1, N'PENDING', N'CREATE_FAMILY_MEMBER ', N'CREATE_APPLICATION_QUEUE', NULL , CAST(N'2015-12-21 23:47:00.587' AS DateTime), CAST(5 AS Numeric(19, 0)) , NULL, NULL, 1, 0)
INSERT [dbo].[BB_NOTIFICATION_PROCESS] ([BB_NOTIFICATION_PROCESS_ID], [MODIFIED_BY], [MODIFIED_ON], [CREATED_BY], [CREATED_ON], [VERSION], [ACTIVITI_PROCESS_ID], [NOTIFICATION_PROCESS_TYPE], [ENTITY_ID], [NOTIFICATION_ID], [ACTIVE], [STATUS], [SUB_NOTIFICATION_PROCESS_TYPE], [ENTITY_NAME], [LOCKED_BY_USER], [NOTIFIED_DATE], [BB_APPLICATION_ID], [BB_CORRESPONDENCE_ID], [BB_REFERENCE_BASE_DATA_ID], [CURRENT_LEVEL], [DELEGATED]) VALUES (CAST(301002 AS Numeric(19, 0)), NULL, NULL, CAST(1 AS Numeric(19, 0)), CAST(0x0000A578014C2BD2 AS DateTime), 0, 000006, N'CREATE_FAMILY_MEMBER ', CAST(2001002 AS Numeric(19, 0)), CAST(1 AS Numeric(19, 0)), 1, N'PENDING', N'CREATE_FAMILY_MEMBER ', N'CREATE_APPLICATION_QUEUE', NULL , CAST(N'2015-12-23 23:47:00.587' AS DateTime), CAST(6 AS Numeric(19, 0)) , NULL, NULL, 1, 0)
INSERT [dbo].[BB_NOTIFICATION_PROCESS] ([BB_NOTIFICATION_PROCESS_ID], [MODIFIED_BY], [MODIFIED_ON], [CREATED_BY], [CREATED_ON], [VERSION], [ACTIVITI_PROCESS_ID], [NOTIFICATION_PROCESS_TYPE], [ENTITY_ID], [NOTIFICATION_ID], [ACTIVE], [STATUS], [SUB_NOTIFICATION_PROCESS_TYPE], [ENTITY_NAME], [LOCKED_BY_USER], [NOTIFIED_DATE], [BB_APPLICATION_ID], [BB_CORRESPONDENCE_ID], [BB_REFERENCE_BASE_DATA_ID], [CURRENT_LEVEL], [DELEGATED]) VALUES (CAST(100007 AS Numeric(19, 0)), NULL, NULL, CAST(2 AS Numeric(19, 0)), CAST(0x0000A575014C2BD2 AS DateTime), 0, 10002, N'UPDATE_FAMILY_LINKAGE', CAST(200001 AS Numeric(19, 0)), CAST(15 AS Numeric(19, 0)), 1, N'PENDING', N'UPDATE_FAMILY_LINKAGE', N'FIND_FAMILY_QUEUE', NULL, CAST(0x0000A5760187F0A0 AS DateTime), CAST(2 AS Numeric(19, 0)), NULL, NULL, 1, 0)
INSERT [dbo].[BB_NOTIFICATION_PROCESS] ([BB_NOTIFICATION_PROCESS_ID], [MODIFIED_BY], [MODIFIED_ON], [CREATED_BY], [CREATED_ON], [VERSION], [ACTIVITI_PROCESS_ID], [NOTIFICATION_PROCESS_TYPE], [ENTITY_ID], [NOTIFICATION_ID], [ACTIVE], [STATUS], [SUB_NOTIFICATION_PROCESS_TYPE], [ENTITY_NAME], [LOCKED_BY_USER], [NOTIFIED_DATE], [BB_APPLICATION_ID], [BB_CORRESPONDENCE_ID], [BB_REFERENCE_BASE_DATA_ID], [CURRENT_LEVEL], [DELEGATED]) VALUES (CAST(100008 AS Numeric(19, 0)), NULL, NULL, CAST(2 AS Numeric(19, 0)), CAST(0x0000A575014C2BD2 AS DateTime), 0, 10002, N'UPDATE_FAMILY_LINKAGE', CAST(200001 AS Numeric(19, 0)), CAST(15 AS Numeric(19, 0)), 1, N'PENDING', N'UPDATE_FAMILY_LINKAGE', N'FIND_FAMILY_QUEUE', NULL, CAST(0x0000A5760187F0A0 AS DateTime), CAST(6 AS Numeric(19, 0)), NULL, NULL, 1, 0)
INSERT [dbo].[BB_NOTIFICATION_PROCESS] ([BB_NOTIFICATION_PROCESS_ID], [MODIFIED_BY], [MODIFIED_ON], [CREATED_BY], [CREATED_ON], [VERSION], [ACTIVITI_PROCESS_ID], [NOTIFICATION_PROCESS_TYPE], [ENTITY_ID], [NOTIFICATION_ID], [ACTIVE], [STATUS], [SUB_NOTIFICATION_PROCESS_TYPE], [ENTITY_NAME], [LOCKED_BY_USER], [NOTIFIED_DATE], [BB_APPLICATION_ID], [BB_CORRESPONDENCE_ID], [BB_REFERENCE_BASE_DATA_ID], [CURRENT_LEVEL], [DELEGATED]) VALUES (CAST(100009 AS Numeric(19, 0)), NULL, NULL, CAST(2 AS Numeric(19, 0)), CAST(0x0000A575014C2BD2 AS DateTime), 0, 10002, N'UPDATE_FAMILY_LINKAGE', CAST(200001 AS Numeric(19, 0)), CAST(15 AS Numeric(19, 0)), 1, N'PENDING', N'UPDATE_FAMILY_LINKAGE', N'FIND_FAMILY_QUEUE', NULL, CAST(0x0000A5760187F0A0 AS DateTime), CAST(7 AS Numeric(19, 0)), NULL, NULL, 1, 0)
INSERT [dbo].[BB_NOTIFICATION_PROCESS] ([BB_NOTIFICATION_PROCESS_ID], [MODIFIED_BY], [MODIFIED_ON], [CREATED_BY], [CREATED_ON], [VERSION], [ACTIVITI_PROCESS_ID], [NOTIFICATION_PROCESS_TYPE], [ENTITY_ID], [NOTIFICATION_ID], [ACTIVE], [STATUS], [SUB_NOTIFICATION_PROCESS_TYPE], [ENTITY_NAME], [LOCKED_BY_USER], [NOTIFIED_DATE], [BB_APPLICATION_ID], [BB_CORRESPONDENCE_ID], [BB_REFERENCE_BASE_DATA_ID], [CURRENT_LEVEL], [DELEGATED]) VALUES (CAST(100010 AS Numeric(19, 0)), NULL, NULL, CAST(2 AS Numeric(19, 0)), CAST(0x0000A575014C2BD2 AS DateTime), 0, 10002, N'UPDATE_FAMILY_LINKAGE', CAST(200001 AS Numeric(19, 0)), CAST(15 AS Numeric(19, 0)), 1, N'PENDING', N'UPDATE_FAMILY_LINKAGE', N'FIND_FAMILY_QUEUE', NULL, CAST(0x0000A5760187F0A0 AS DateTime), CAST(8 AS Numeric(19, 0)), NULL, NULL, 1, 0)
INSERT [dbo].[BB_NOTIFICATION_PROCESS] ([BB_NOTIFICATION_PROCESS_ID], [MODIFIED_BY], [MODIFIED_ON], [CREATED_BY], [CREATED_ON], [VERSION], [ACTIVITI_PROCESS_ID], [NOTIFICATION_PROCESS_TYPE], [ENTITY_ID], [NOTIFICATION_ID], [ACTIVE], [STATUS], [SUB_NOTIFICATION_PROCESS_TYPE], [ENTITY_NAME], [LOCKED_BY_USER], [NOTIFIED_DATE], [BB_APPLICATION_ID], [BB_CORRESPONDENCE_ID], [BB_REFERENCE_BASE_DATA_ID], [CURRENT_LEVEL], [DELEGATED]) VALUES (CAST(100011 AS Numeric(19, 0)), NULL, NULL, CAST(2 AS Numeric(19, 0)), CAST(0x0000A575014C2BD2 AS DateTime), 0, 10002, N'UPDATE_FAMILY_LINKAGE', CAST(200001 AS Numeric(19, 0)), CAST(15 AS Numeric(19, 0)), 1, N'PENDING', N'UPDATE_FAMILY_LINKAGE', N'FIND_FAMILY_QUEUE', NULL, CAST(0x0000A5760187F0A0 AS DateTime), CAST(9 AS Numeric(19, 0)), NULL, NULL, 1, 0)
SET IDENTITY_INSERT [dbo].[BB_NOTIFICATION_PROCESS] OFF

INSERT INTO [dbo].[BB_NOTIFICATION_PROCESS_ROLE] ([BB_NOTIFICATION_PROCESS_ID],[BB_ROLE_ID]) VALUES (1, 1)
INSERT INTO [dbo].[BB_NOTIFICATION_PROCESS_ROLE] ([BB_NOTIFICATION_PROCESS_ID],[BB_ROLE_ID]) VALUES (2, 1)
INSERT INTO [dbo].[BB_NOTIFICATION_PROCESS_ROLE] ([BB_NOTIFICATION_PROCESS_ID],[BB_ROLE_ID]) VALUES (3, 1)
INSERT INTO [dbo].[BB_NOTIFICATION_PROCESS_ROLE] ([BB_NOTIFICATION_PROCESS_ID],[BB_ROLE_ID]) VALUES (4, 1)
INSERT [dbo].[BB_NOTIFICATION_PROCESS_ROLE] ([BB_NOTIFICATION_PROCESS_ID], [BB_ROLE_ID]) VALUES (CAST(100001 AS Numeric(19, 0)), CAST(2 AS Numeric(19, 0)))
INSERT [dbo].[BB_NOTIFICATION_PROCESS_ROLE] ([BB_NOTIFICATION_PROCESS_ID], [BB_ROLE_ID]) VALUES (CAST(100002 AS Numeric(19, 0)), CAST(2 AS Numeric(19, 0)))
INSERT [dbo].[BB_NOTIFICATION_PROCESS_ROLE] ([BB_NOTIFICATION_PROCESS_ID], [BB_ROLE_ID]) VALUES (CAST(100003 AS Numeric(19, 0)), CAST(2 AS Numeric(19, 0)))
INSERT [dbo].[BB_NOTIFICATION_PROCESS_ROLE] ([BB_NOTIFICATION_PROCESS_ID], [BB_ROLE_ID]) VALUES (CAST(100004 AS Numeric(19, 0)), CAST(2 AS Numeric(19, 0)))
INSERT [dbo].[BB_NOTIFICATION_PROCESS_ROLE] ([BB_NOTIFICATION_PROCESS_ID], [BB_ROLE_ID]) VALUES (CAST(100005 AS Numeric(19, 0)), CAST(2 AS Numeric(19, 0)))
INSERT [dbo].[BB_NOTIFICATION_PROCESS_ROLE] ([BB_NOTIFICATION_PROCESS_ID], [BB_ROLE_ID]) VALUES (CAST(100006 AS Numeric(19, 0)), CAST(2 AS Numeric(19, 0)))
INSERT [dbo].[BB_NOTIFICATION_PROCESS_ROLE] ([BB_NOTIFICATION_PROCESS_ID], [BB_ROLE_ID]) VALUES (CAST(301001 AS Numeric(19, 0)), CAST(2 AS Numeric(19, 0)))
INSERT [dbo].[BB_NOTIFICATION_PROCESS_ROLE] ([BB_NOTIFICATION_PROCESS_ID], [BB_ROLE_ID]) VALUES (CAST(301002 AS Numeric(19, 0)), CAST(2 AS Numeric(19, 0)))

---------------------------------------------Correspondencee Action Item Tab Data End---------------------------------------------------------------------

--Drafts
SET IDENTITY_INSERT [dbo].[BB_APPLICATION_STAGE] ON
INSERT [dbo].[BB_APPLICATION_STAGE] ([BB_APPLICATION_ID], [CREATED_BY], [CREATED_ON], [MODIFIED_BY], [MODIFIED_ON], [APPLICATION_NUMBER_RAW], [CHILD_APPLICATION_TYPE], [CONFIRMATION_NUMBER], [FILING_DATE], [APPLICATION_NUMBER], [DESCRIPTION], [FAMILY_ID], [ENTITY], [EXPORT_CONTROL], [IDS_RELEVANT_STATUS], [PROSECUTION_STATUS], [ART_UNIT], [EXAMINER], [FIRST_NAME_INVENTOR], [ISSUED_ON], [PATENT_NUMBER], [PATENT_NUMBER_RAW], [TITLE], [PUBLICATION_NUMBER], [PUBLICATION_NUMBER_RAW], [PUBLISHED_ON], [SOURCE], [SUB_SOURCE], [BB_ASSIGNEE], [BB_ATTORNEY_DOCKET], [BB_CUSTOMER], [BB_JURISDICTION], [BB_ORGANIZATION]) VALUES (3, 2, NULL, 2, CAST(0x0000A586018897E2 AS DateTime), N'PCT/UW14/65656', N'PCT_US_FIRST_FILING', N'111', CAST(0x0000A58400000000 AS DateTime), N'PCT/UW14/65656', NULL, NULL, NULL, 1, NULL, NULL, NULL, NULL, NULL, NULL, NULL, NULL, N'trt', NULL, NULL, NULL, N'DRAFT', N'MANUAL', N'Apple', N'121.234.345.456', N'123-456-FAC', N'WO', NULL)
INSERT [dbo].[BB_APPLICATION_STAGE] ([BB_APPLICATION_ID], [CREATED_BY], [CREATED_ON], [MODIFIED_BY], [MODIFIED_ON], [APPLICATION_NUMBER_RAW], [CHILD_APPLICATION_TYPE], [CONFIRMATION_NUMBER], [FILING_DATE], [APPLICATION_NUMBER], [DESCRIPTION], [FAMILY_ID], [ENTITY], [EXPORT_CONTROL], [IDS_RELEVANT_STATUS], [PROSECUTION_STATUS], [ART_UNIT], [EXAMINER], [FIRST_NAME_INVENTOR], [ISSUED_ON], [PATENT_NUMBER], [PATENT_NUMBER_RAW], [TITLE], [PUBLICATION_NUMBER], [PUBLICATION_NUMBER_RAW], [PUBLISHED_ON], [SOURCE], [SUB_SOURCE], [BB_ASSIGNEE], [BB_ATTORNEY_DOCKET], [BB_CUSTOMER], [BB_JURISDICTION], [BB_ORGANIZATION]) VALUES (4, 2, NULL, 2, CAST(0x0000A5870001BA3D AS DateTime), N'PCT/UW2014/51312', N'PCT_US_FIRST_FILING', N'111', CAST(0x0000A58500000000 AS DateTime), N'PCT/UW2014/51312', NULL, NULL, NULL, 1, NULL, NULL, NULL, NULL, NULL, NULL, NULL, NULL, N'TestWo', NULL, NULL, NULL, N'DRAFT', N'MANUAL', N'Apple', N'123.123.123.123', N'123-456-ABC', N'WO', NULL)
INSERT [dbo].[BB_APPLICATION_STAGE] ([BB_APPLICATION_ID], [CREATED_BY], [CREATED_ON], [MODIFIED_BY], [MODIFIED_ON], [APPLICATION_NUMBER_RAW], [CHILD_APPLICATION_TYPE], [CONFIRMATION_NUMBER], [FILING_DATE], [APPLICATION_NUMBER], [DESCRIPTION], [FAMILY_ID], [ENTITY], [EXPORT_CONTROL], [IDS_RELEVANT_STATUS], [PROSECUTION_STATUS], [ART_UNIT], [EXAMINER], [FIRST_NAME_INVENTOR], [ISSUED_ON], [PATENT_NUMBER], [PATENT_NUMBER_RAW], [TITLE], [PUBLICATION_NUMBER], [PUBLICATION_NUMBER_RAW], [PUBLISHED_ON], [SOURCE], [SUB_SOURCE], [BB_ASSIGNEE], [BB_ATTORNEY_DOCKET], [BB_CUSTOMER], [BB_JURISDICTION], [BB_ORGANIZATION]) VALUES (10, 2, NULL, 2, CAST(0x0000A58700D55867 AS DateTime), N'124134321', N'FIRST_FILING', NULL, NULL, N'124134321', NULL, NULL, NULL, 0, NULL, NULL, NULL, NULL, NULL, NULL, NULL, NULL, NULL, NULL, NULL, NULL, N'DRAFT', N'MANUAL', NULL, NULL, NULL, N'US', NULL)
INSERT [dbo].[BB_APPLICATION_STAGE] ([BB_APPLICATION_ID], [CREATED_BY], [CREATED_ON], [MODIFIED_BY], [MODIFIED_ON], [APPLICATION_NUMBER_RAW], [CHILD_APPLICATION_TYPE], [CONFIRMATION_NUMBER], [FILING_DATE], [APPLICATION_NUMBER], [DESCRIPTION], [FAMILY_ID], [ENTITY], [EXPORT_CONTROL], [IDS_RELEVANT_STATUS], [PROSECUTION_STATUS], [ART_UNIT], [EXAMINER], [FIRST_NAME_INVENTOR], [ISSUED_ON], [PATENT_NUMBER], [PATENT_NUMBER_RAW], [TITLE], [PUBLICATION_NUMBER], [PUBLICATION_NUMBER_RAW], [PUBLISHED_ON], [SOURCE], [SUB_SOURCE], [BB_ASSIGNEE], [BB_ATTORNEY_DOCKET], [BB_CUSTOMER], [BB_JURISDICTION], [BB_ORGANIZATION]) VALUES (13, 2, CAST(0x0000A58700FDB938 AS DateTime), 2, CAST(0x0000A58700FDB938 AS DateTime), N'66668888', N'FIRST_FILING', NULL, NULL, N'66668888', NULL, NULL, N'UNDISCOUNTED', 0, NULL, NULL, NULL, NULL, NULL, NULL, NULL, NULL, NULL, NULL, NULL, NULL, N'DRAFT', N'MANUAL', N'Samsung', N'123.123.123.123', N'123-456-ABC', N'US', NULL)
INSERT [dbo].[BB_APPLICATION_STAGE] ([BB_APPLICATION_ID], [CREATED_BY], [CREATED_ON], [MODIFIED_BY], [MODIFIED_ON], [APPLICATION_NUMBER_RAW], [CHILD_APPLICATION_TYPE], [CONFIRMATION_NUMBER], [FILING_DATE], [APPLICATION_NUMBER], [DESCRIPTION], [FAMILY_ID], [ENTITY], [EXPORT_CONTROL], [IDS_RELEVANT_STATUS], [PROSECUTION_STATUS], [ART_UNIT], [EXAMINER], [FIRST_NAME_INVENTOR], [ISSUED_ON], [PATENT_NUMBER], [PATENT_NUMBER_RAW], [TITLE], [PUBLICATION_NUMBER], [PUBLICATION_NUMBER_RAW], [PUBLISHED_ON], [SOURCE], [SUB_SOURCE], [BB_ASSIGNEE], [BB_ATTORNEY_DOCKET], [BB_CUSTOMER], [BB_JURISDICTION], [BB_ORGANIZATION]) VALUES (18, -1, CAST(0x0000A58A00E84655 AS DateTime), -1, CAST(0x0000A58A00E84655 AS DateTime), N'12/999,999', N'FIRST_FILING', N'9643', CAST(0x00009E4F00000000 AS DateTime), N'12999999', NULL, N'DEFAULT_FAMILY', N'UNDISCOUNTED', 1, NULL, NULL, N'2188', N'NGUYEN, HIEP T', N'Norifumi Nishikawa , Machida, (JP) ', CAST(0x0000A22700000000 AS DateTime), NULL, N'8,521,954', N'MANAGEMENT COMPUTER AND VOLUME CONFIGURATION MANAGEMENT METHOD', NULL, N'US 2012-0144112 A1', CAST(0x0000A06900000000 AS DateTime), N'AUTOMATIC', NULL, N'DEFAULT', N'095909-0191', N'22428', N'US', NULL)
SET IDENTITY_INSERT [dbo].[BB_APPLICATION_STAGE] OFF


SET IDENTITY_INSERT [dbo].[BB_CORRESPONDENCE_STAGING] ON
INSERT [dbo].[BB_CORRESPONDENCE_STAGING] ([BB_CORRESPONDENCE_STAGING_ID], [CREATED_BY], [CREATED_ON], [MODIFIED_BY], [MODIFIED_ON],[VERSION], [ATTACHMENT_SIZE],[COMMENT],[N417_EFS_ID],[FILING_DATE], [MAILING_DATE], [ATTACHMENT_PAGE_COUNT],	[PARENT_CHILD], [SOURCE], [SPLIT_ID], [STATUS], [SUB_SOURCE], [APPLICATION_NUMBER],[APPLICATION_NUMBER_UNFORMATTED],[ASSIGNEE], [ATTACHMENT_NAME], [CUSTOMER_NUMBER], [DOCUMENT_CODE], [DOCUMENT_DESCRIPTION], [JURISDICTION_CODE], [PRIVATE_PAIR_UPLOAD_DATE]) values (9999, 2, CAST(N'2016-01-07 19:07:07.570' AS DateTime), 2, CAST(N'2016-01-07 19:07:07.570' AS DateTime), 0, 535363, NULL, NULL, CAST(N'2015-11-06 00:00:00.000' AS DateTime), CAST(N'2015-11-06 00:00:00.000' AS DateTime), 2, NULL, N'MANUAL', 1, N'CREATE_APPLICATION_REQUEST_PENDING', N'SINGLE', N'12356678', NULL, NULL, NULL, N'12356678', N'APP.FILE.REC', N'Filing Receipt', 'US', NULL) 
INSERT [dbo].[BB_CORRESPONDENCE_STAGING] ([BB_CORRESPONDENCE_STAGING_ID], [APPLICATION_NUMBER], [JURISDICTION_CODE], [ATTACHMENT_NAME], [ATTACHMENT_SIZE], [ATTACHMENT_PAGE_COUNT], [STATUS], [COMMENT], [CUSTOMER_NUMBER], [DOCUMENT_CODE], [DOCUMENT_DESCRIPTION], [N417_EFS_ID], [PRIVATE_PAIR_UPLOAD_DATE], [MAILING_DATE], [FILING_DATE], [PARENT_CHILD], [SOURCE], [SUB_SOURCE], [SPLIT_ID], [ASSIGNEE], [CREATED_BY], [CREATED_ON], [MODIFIED_BY], [MODIFIED_ON], [VERSION], [APPLICATION_NUMBER_UNFORMATTED]) VALUES (760, N'12999999', N'US', N'760', 0, CAST(1 AS Numeric(19, 0)), N'PENDING', NULL, N'69316', N'NTC.MISS.PRT', N'Listofreferencescitedbyexaminer', NULL, NULL, CAST(N'2015-09-15 00:00:00.000' AS DateTime), CAST(N'2015-09-15 00:00:00.000' AS DateTime), N'C', N'MANUAL', N'BULK', 5, NULL, CAST(-1 AS Numeric(19, 0)), CAST(N'2016-01-08 11:02:01.713' AS DateTime), CAST(-1 AS Numeric(19, 0)), CAST(N'2016-01-09 13:14:12.273' AS DateTime), 2, NULL)
INSERT [dbo].[BB_CORRESPONDENCE_STAGING] ([BB_CORRESPONDENCE_STAGING_ID], [APPLICATION_NUMBER], [JURISDICTION_CODE], [ATTACHMENT_NAME], [ATTACHMENT_SIZE], [ATTACHMENT_PAGE_COUNT], [STATUS], [COMMENT], [CUSTOMER_NUMBER], [DOCUMENT_CODE], [DOCUMENT_DESCRIPTION], [N417_EFS_ID], [PRIVATE_PAIR_UPLOAD_DATE], [MAILING_DATE], [FILING_DATE], [PARENT_CHILD], [SOURCE], [SUB_SOURCE], [SPLIT_ID], [ASSIGNEE], [CREATED_BY], [CREATED_ON], [MODIFIED_BY], [MODIFIED_ON], [VERSION], [APPLICATION_NUMBER_UNFORMATTED]) VALUES (223, N'00000001', N'US', N'223', 0, CAST(2 AS Numeric(19, 0)), N'PENDING', NULL, N'69316', NULL, N'Abandonment', NULL, NULL, NULL, CAST(N'2015-09-15 00:00:00.000' AS DateTime), NULL, N'MANUAL', N'BULK', 1, NULL, CAST(-1 AS Numeric(19, 0)), CAST(N'2016-01-07 00:18:08.950' AS DateTime), CAST(-1 AS Numeric(19, 0)), CAST(N'2016-01-07 15:04:54.410' AS DateTime), 2, NULL)
INSERT [dbo].[BB_CORRESPONDENCE_STAGING] ([BB_CORRESPONDENCE_STAGING_ID], [APPLICATION_NUMBER], [JURISDICTION_CODE], [ATTACHMENT_NAME], [ATTACHMENT_SIZE], [ATTACHMENT_PAGE_COUNT], [STATUS], [COMMENT], [CUSTOMER_NUMBER], [DOCUMENT_CODE], [DOCUMENT_DESCRIPTION], [N417_EFS_ID], [PRIVATE_PAIR_UPLOAD_DATE], [MAILING_DATE], [FILING_DATE], [PARENT_CHILD], [SOURCE], [SUB_SOURCE], [SPLIT_ID], [ASSIGNEE], [CREATED_BY], [CREATED_ON], [MODIFIED_BY], [MODIFIED_ON], [VERSION], [APPLICATION_NUMBER_UNFORMATTED]) VALUES (759, N'13829218', N'US', N'759', 0, CAST(10 AS Numeric(19, 0)), N'CREATE_APPLICATION_QUEUE_INITIATED', NULL, N'69316', N'NTC.MISS.PRT', N'Non-FinalRejection', NULL, NULL, CAST(N'2015-09-15 00:00:00.000' AS DateTime), CAST(N'2015-09-15 00:00:00.000' AS DateTime), N'C', N'MANUAL', N'BULK', 5, NULL, CAST(-1 AS Numeric(19, 0)), CAST(N'2016-01-08 11:02:01.697' AS DateTime), CAST(-1 AS Numeric(19, 0)), CAST(N'2016-01-09 13:14:12.273' AS DateTime), 2, NULL)
INSERT [dbo].[BB_CORRESPONDENCE_STAGING] ([BB_CORRESPONDENCE_STAGING_ID], [APPLICATION_NUMBER], [JURISDICTION_CODE], [ATTACHMENT_NAME], [ATTACHMENT_SIZE], [ATTACHMENT_PAGE_COUNT], [STATUS], [COMMENT], [CUSTOMER_NUMBER], [DOCUMENT_CODE], [DOCUMENT_DESCRIPTION], [N417_EFS_ID], [PRIVATE_PAIR_UPLOAD_DATE], [MAILING_DATE], [FILING_DATE], [PARENT_CHILD], [SOURCE], [SUB_SOURCE], [SPLIT_ID], [ASSIGNEE], [CREATED_BY], [CREATED_ON], [MODIFIED_BY], [MODIFIED_ON], [VERSION], [APPLICATION_NUMBER_UNFORMATTED]) VALUES (757, N'87654321', N'US', N'757', 0, CAST(26 AS Numeric(19, 0)), N'PENDING', NULL, N'69316', N'NTC.MISS.PRT', N'Non-FinalRejection', NULL, NULL, CAST(N'2015-09-15 00:00:00.000' AS DateTime), CAST(N'2015-09-15 00:00:00.000' AS DateTime), N'C', N'MANUAL', N'BULK', 5, NULL, CAST(-1 AS Numeric(19, 0)), CAST(N'2016-01-08 11:02:01.650' AS DateTime), CAST(-1 AS Numeric(19, 0)), CAST(N'2016-01-09 13:14:12.273' AS DateTime), 2, NULL)
INSERT [dbo].[BB_CORRESPONDENCE_STAGING] ([BB_CORRESPONDENCE_STAGING_ID], [APPLICATION_NUMBER], [JURISDICTION_CODE], [ATTACHMENT_NAME], [ATTACHMENT_SIZE], [ATTACHMENT_PAGE_COUNT], [STATUS], [COMMENT], [CUSTOMER_NUMBER], [DOCUMENT_CODE], [DOCUMENT_DESCRIPTION], [N417_EFS_ID], [PRIVATE_PAIR_UPLOAD_DATE], [MAILING_DATE], [FILING_DATE], [PARENT_CHILD], [SOURCE], [SUB_SOURCE], [SPLIT_ID], [ASSIGNEE], [CREATED_BY], [CREATED_ON], [MODIFIED_BY], [MODIFIED_ON], [VERSION], [APPLICATION_NUMBER_UNFORMATTED]) VALUES (758, N'13831581', N'US', N'758', 0, CAST(1 AS Numeric(19, 0)), N'PENDING', NULL, N'69316',  N'NTC.MISS.PRT', N'Listofreferencescitedbyexaminer', NULL, NULL, CAST(N'2015-09-15 00:00:00.000' AS DateTime), CAST(N'2015-09-15 00:00:00.000' AS DateTime), N'C', N'MANUAL', N'BULK', 5, NULL, CAST(-1 AS Numeric(19, 0)), CAST(N'2016-01-08 11:02:01.697' AS DateTime), CAST(-1 AS Numeric(19, 0)), CAST(N'2016-01-09 13:14:12.273' AS DateTime), 2, NULL)
SET IDENTITY_INSERT [dbo].[BB_CORRESPONDENCE_STAGING] OFF

SET IDENTITY_INSERT [dbo].[BB_NOTIFICATION_PROCESS] ON

INSERT [dbo].[BB_NOTIFICATION_PROCESS] ([BB_NOTIFICATION_PROCESS_ID]  ,[CREATED_BY]  ,[CREATED_ON]  ,[MODIFIED_BY]  ,[MODIFIED_ON]  ,[VERSION]  ,[ACTIVE]  ,[ACTIVITI_PROCESS_ID]  ,[BB_APPLICATION_ID]  ,[BB_CORRESPONDENCE_ID]  ,[ENTITY_ID]  ,[ENTITY_NAME]  ,[NOTIFICATION_PROCESS_TYPE]  ,[NOTIFIED_DATE]  ,[BB_REFERENCE_BASE_DATA_ID]  ,[STATUS]  ,[SUB_NOTIFICATION_PROCESS_TYPE]  ,[LOCKED_BY_USER]  ,[NOTIFICATION_ID], [CURRENT_LEVEL], [DELEGATED]) VALUES (6,	2,	CAST(N'2016-01-07 12:58:05.060' AS DateTime), 1, CAST(N'2016-01-08 19:07:07.570' AS DateTime), 0, 0, N'122516', 1, 1, 9999, N'CORRESPONDENCE_STAGING', N'DASHBOARD_ACTION_STATUS',	CAST(N'2016-01-06 12:58:06.060' AS DateTime), 1, N'DONE', N'DASHBOARD_ACTION_STATUS', NULL,	1, 1, 0)

SET IDENTITY_INSERT [dbo].[BB_NOTIFICATION_PROCESS] OFF

SET IDENTITY_INSERT [dbo].[BB_INCLUSION_LIST] ON 

INSERT [dbo].[BB_INCLUSION_LIST] ([ID], [CREATED_BY], [CREATED_ON], [MODIFIED_BY], [MODIFIED_ON], [VERSION], [APPLICATION_NUMBER], [APPLICATION_NUMBER_RAW], [CUSTOMER_NUMBER], [JURISDICTION], [STATUS]) VALUES (5, 2, CAST(N'2016-01-07 18:30:59.353' AS DateTime), 2, CAST(N'2016-01-07 18:30:59.353' AS DateTime), 0, N'14933258', N'14933258', N'136388', N'US', N'ACTIVE')

INSERT [dbo].[BB_INCLUSION_LIST] ([ID], [CREATED_BY], [CREATED_ON], [MODIFIED_BY], [MODIFIED_ON], [VERSION], [APPLICATION_NUMBER], [APPLICATION_NUMBER_RAW], [CUSTOMER_NUMBER], [JURISDICTION], [STATUS]) VALUES (12, 2, CAST(N'2016-01-08 11:59:04.617' AS DateTime), 2, CAST(N'2016-01-08 11:59:04.617' AS DateTime), 0, N'PCT/US11/066769', N'PCT/US11/66769', N'123-456-ABC', N'WO', N'ACTIVE')

SET IDENTITY_INSERT [dbo].[BB_INCLUSION_LIST] OFF

COMMIT


--Reference DB insert Scripts

SET IDENTITY_INSERT [dbo].[BB_DELEGATION_RULE] ON 
INSERT [dbo].[BB_DELEGATION_RULE] ([BB_DELEGATION_RULE_ID], [CREATED_BY], [CREATED_ON], [MODIFIED_BY], [MODIFIED_ON], [VERSION], [ACTIVE], [END_DATE], [START_DATE], [BB_ROLE_ID], [DELEGATE_ROLE_ID]) VALUES (1, 1, CAST(N'2016-01-23 00:00:00.0000000' AS DateTime2), 1, CAST(N'2016-01-23 00:00:00.0000000' AS DateTime2), 1, 1, CAST(N'2016-02-23 00:00:00.0000000' AS DateTime2), CAST(N'2016-01-23 00:00:00.0000000' AS DateTime2), 2, 3)
SET IDENTITY_INSERT [dbo].[BB_DELEGATION_RULE] OFF


SET IDENTITY_INSERT [dbo].[BB_REFERENCE_STAGING_DATA] ON 
INSERT [dbo].[BB_REFERENCE_STAGING_DATA] ([BB_REFERENCE_STAGING_DATA_ID], [CREATED_BY], [CREATED_ON], [MODIFIED_BY], [MODIFIED_ON], [VERSION], [ACTIVE], [APPLICANT_NAME], [COUPLING_ID], [FOREIGN_DOCUMENT_NUMBER_CONVERTED], [FOREIGN_DOCUMENT_NUMBER], [JURISDICTION], [KIND_CODE], [MAILING_DATE], [NOTIFICATION_SENT], [URL], [APPLICATION_SERIAL_NUMBER], [ATTACHMENT], [AUTHOR], [PUBLICATION_CITY], [PUBLICATION_DAY], [PUBLICATION_DETAIL], [PUBLICATION_MONTH], [PUBLICATION_YEAR], [RELEVANT_PAGES], [STRING_DATA], [TITLE], [TRANSLATED_ATTACHMENT], [US_UNPUBLISHED], [VOLUME_NUMBER], [PARENT_REFERENCE_ID], [PRIMARY_COUPLE], [PUBLICATION_DATE], [PUBLICATION_NUMBER], [PUBLICATION_NUMBER_CONVERTED], [REFERENCE_CATEGORY], [REFERENCE_COMMENTS], [REFERENCE_RECORD_ID], [REFERENCE_SOURCE], [REFERENCE_STATUS], [REFERENCE_SUB_SOURCE], [REFERENCE_TYPE], [REVIEWED_STATUS], [SELF_CITATION_CREATION_DATE], [SOURCE_APPLICATION], [BB_APPLICATION_ID], [BB_CORRESPONDENCE_ID], [BB_JURISDICTION_ID], [BB_OCR_DATA_ID]) VALUES (1, 2, CAST(N'2016-01-13 17:41:38.820' AS DateTime), 2, CAST(N'2016-01-13 17:41:38.820' AS DateTime), 0, 1, NULL, NULL, NULL, NULL, NULL, N'A1', NULL, 0, NULL, NULL, NULL, NULL, NULL, NULL, NULL, NULL, NULL, NULL, NULL, NULL, NULL, NULL, NULL, NULL, 0, NULL, N'20071790471', NULL, N'SELF_CITATION', NULL, NULL, NULL, N'INPADOC_FAILED', NULL, N'PUS', NULL, NULL, NULL, 5, NULL, 1, NULL)
SET IDENTITY_INSERT [dbo].[BB_REFERENCE_STAGING_DATA] OFF

SET IDENTITY_INSERT [dbo].[BB_REFERENCE_BASE_DATA] ON 
INSERT [dbo].[BB_REFERENCE_BASE_DATA] ([BB_REFERENCE_BASE_DATA_ID], [CREATED_BY], [CREATED_ON], [MODIFIED_BY], [MODIFIED_ON], [VERSION], [ACTIVE], [COUPLING_ID], [FAMILY_ID], [MAILING_DATE], [NOTIFICATION_SENT], [PRIMARY_COUPLE], [PUBLICATION_NUMBER], [REFERENCE_CATEGORY], [REFERENCE_COMMENTS], [REFERENCE_FLOW_FLAG], [REFERENCE_RECORD_ID], [REFERENCE_SOURCE], [REFERENCE_STATUS], [REFERENCE_SUB_SOURCE], [REFERENCE_TYPE], [REVIEWED_STATUS], [SELF_CITATION_CREATION_DATE], [SOURCE_APPLICATION], [BB_APPLICATION_ID], [BB_CORRESPONDENCE_ID], [BB_JURISDICTION_ID], [BB_OCR_DATA_ID], [PARENT_REFERENCE_ID], [BB_SOURCE_REFERENCE_ID]) VALUES (2, 2, CAST(N'2016-01-07 16:28:22.267' AS DateTime), 2, CAST(N'2016-01-07 16:28:22.267' AS DateTime), 0, 1, NULL, N'F000008', CAST(N'2016-01-01 00:00:00.000' AS DateTime), 0, 0, N'1234-1234567', N'PTO_CORRESPONDENCE', N'comments,', 1, NULL, N'MANUAL', N'NEW', N'MANUAL', N'NPL', 0, NULL, NULL, 1, 1, 1, NULL, NULL, NULL)
INSERT [dbo].[BB_REFERENCE_BASE_DATA] ([BB_REFERENCE_BASE_DATA_ID], [CREATED_BY], [CREATED_ON], [MODIFIED_BY], [MODIFIED_ON], [VERSION], [ACTIVE], [COUPLING_ID], [FAMILY_ID], [MAILING_DATE], [NOTIFICATION_SENT], [PRIMARY_COUPLE], [PUBLICATION_NUMBER], [REFERENCE_CATEGORY], [REFERENCE_COMMENTS], [REFERENCE_FLOW_FLAG], [REFERENCE_RECORD_ID], [REFERENCE_SOURCE], [REFERENCE_STATUS], [REFERENCE_SUB_SOURCE], [REFERENCE_TYPE], [REVIEWED_STATUS], [SELF_CITATION_CREATION_DATE], [SOURCE_APPLICATION], [BB_APPLICATION_ID], [BB_CORRESPONDENCE_ID], [BB_JURISDICTION_ID], [BB_OCR_DATA_ID], [PARENT_REFERENCE_ID], [BB_SOURCE_REFERENCE_ID]) VALUES (3, 2, CAST(N'2016-01-07 16:28:22.267' AS DateTime), 2, CAST(N'2016-01-07 16:28:22.267' AS DateTime), 0, 1, NULL, N'F000008', CAST(N'2016-01-01 00:00:00.000' AS DateTime), 0, 0, N'1234-1234567', N'PTO_CORRESPONDENCE', N'comments,', 1, NULL, N'MANUAL', N'PENDING', N'MANUAL', N'NPL', 0, NULL, NULL, 1, 1, 1, NULL, 2, NULL)
SET IDENTITY_INSERT [dbo].[BB_REFERENCE_BASE_DATA] OFF

INSERT [dbo].[BB_REFERENCE_BASE_NPL_DATA] ([URL], [APPLICATION_SERIAL_NUMBER], [AUTHOR], [PUBLICATION_CITY], [PUBLICATION_DAY], [PUBLICATION_DETAIL], [PUBLICATION_MONTH], [PUBLICATION_YEAR], [RELEVANT_PAGES], [STRING_DATA], [TITLE], [US_UNPUBLISHED], [VOLUME_NUMBER], [BB_REFERENCE_BASE_DATA_ID]) VALUES (N'URL', N'12345678', N'author', N'new york', 1, N'detail', 1, 2016, N'page', N'string_data', N'title', 0, N'1', 2)
INSERT [dbo].[BB_REFERENCE_BASE_NPL_DATA] ([URL], [APPLICATION_SERIAL_NUMBER], [AUTHOR], [PUBLICATION_CITY], [PUBLICATION_DAY], [PUBLICATION_DETAIL], [PUBLICATION_MONTH], [PUBLICATION_YEAR], [RELEVANT_PAGES], [STRING_DATA], [TITLE], [US_UNPUBLISHED], [VOLUME_NUMBER], [BB_REFERENCE_BASE_DATA_ID]) VALUES (N'URL', N'12345678', N'author', N'new york', 1, N'detail', 1, 2016, N'page', N'string_data', N'title', 0, N'1', 3)

SET IDENTITY_INSERT [dbo].[BB_OCR_DATA] ON 
INSERT [dbo].[BB_OCR_DATA] ([BB_OCR_DATA_ID], [CREATED_BY], [CREATED_ON], [MODIFIED_BY], [MODIFIED_ON], [VERSION], [JURISDICTION_CODE], [OCR_STATUS], [PROCESSED], [BB_CORRESPONDENCE_ID]) VALUES (1, NULL, NULL, NULL, NULL, 1, N'US', N'DONE', 0, 1)
INSERT [dbo].[BB_OCR_DATA] ([BB_OCR_DATA_ID], [CREATED_BY], [CREATED_ON], [MODIFIED_BY], [MODIFIED_ON], [VERSION], [JURISDICTION_CODE], [OCR_STATUS], [PROCESSED], [BB_CORRESPONDENCE_ID]) VALUES (2, NULL, NULL, NULL, NULL, 1, N'WO', N'FAILED', 0, 1)
SET IDENTITY_INSERT [dbo].[BB_OCR_DATA] OFF

SET IDENTITY_INSERT [dbo].[BB_REFERENCE_BASE_DATA] ON 
INSERT [dbo].[BB_REFERENCE_BASE_DATA] ([BB_REFERENCE_BASE_DATA_ID], [CREATED_BY], [CREATED_ON], [MODIFIED_BY], [MODIFIED_ON], [VERSION], [ACTIVE], [COUPLING_ID], [FAMILY_ID], [MAILING_DATE], [NOTIFICATION_SENT], [PRIMARY_COUPLE], [PUBLICATION_NUMBER], [REFERENCE_CATEGORY], [REFERENCE_COMMENTS], [REFERENCE_FLOW_FLAG], [REFERENCE_RECORD_ID], [REFERENCE_SOURCE], [REFERENCE_STATUS], [REFERENCE_SUB_SOURCE], [REFERENCE_TYPE], [REVIEWED_STATUS], [SELF_CITATION_CREATION_DATE], [SOURCE_APPLICATION], [BB_APPLICATION_ID], [BB_CORRESPONDENCE_ID], [BB_JURISDICTION_ID], [BB_OCR_DATA_ID], [PARENT_REFERENCE_ID], [BB_SOURCE_REFERENCE_ID]) VALUES (5, 2, CAST(N'2016-01-15 01:32:40.8000000' AS DateTime2), 2, CAST(N'2016-01-15 01:32:40.8000000' AS DateTime2), 0, 1, NULL, N'F000008', NULL, 0, 0, N'2019/1234567', N'SELF_CITATION', N'No Comments,', 1, NULL, N'MANUAL', N'NEW', N'MANUAL', N'PUS', 0, CAST(N'2016-01-15 01:32:40.7840000' AS DateTime2), NULL, 1, 1, 1, NULL, NULL, NULL)
INSERT [dbo].[BB_REFERENCE_BASE_DATA] ([BB_REFERENCE_BASE_DATA_ID], [CREATED_BY], [CREATED_ON], [MODIFIED_BY], [MODIFIED_ON], [VERSION], [ACTIVE], [COUPLING_ID], [FAMILY_ID], [MAILING_DATE], [NOTIFICATION_SENT], [PRIMARY_COUPLE], [PUBLICATION_NUMBER], [REFERENCE_CATEGORY], [REFERENCE_COMMENTS], [REFERENCE_FLOW_FLAG], [REFERENCE_RECORD_ID], [REFERENCE_SOURCE], [REFERENCE_STATUS], [REFERENCE_SUB_SOURCE], [REFERENCE_TYPE], [REVIEWED_STATUS], [SELF_CITATION_CREATION_DATE], [SOURCE_APPLICATION], [BB_APPLICATION_ID], [BB_CORRESPONDENCE_ID], [BB_JURISDICTION_ID], [BB_OCR_DATA_ID], [PARENT_REFERENCE_ID], [BB_SOURCE_REFERENCE_ID]) VALUES (6, 2, CAST(N'2016-01-13 17:40:50.060' AS DateTime), 2, CAST(N'2016-01-13 17:40:50.060' AS DateTime), 0, 1, NULL, N'F000008', NULL, 0, 0, N'96/14763', N'SELF_CITATION', N'1212', 1, NULL, N'MANUAL', N'NEW', N'MANUAL', N'FP', 0, CAST(N'2016-01-13 17:40:50.047' AS DateTime), NULL, 7, 1, 2, NULL, NULL, NULL)
SET IDENTITY_INSERT [dbo].[BB_REFERENCE_BASE_DATA] OFF

INSERT [dbo].[BB_REFERENCE_BASE_PUS_DATA] ([APPLICANT_NAME], [PUBLICATION_NUMBER_CONVERTED], [KIND_CODE], [PUBLICATION_DATE], [BB_REFERENCE_BASE_DATA_ID]) VALUES (N'Test', N'2019/1234567', N'A1', CAST(N'2016-01-01 00:00:00.0000000' AS DateTime2), 5)
INSERT [dbo].[BB_REFERENCE_BASE_PUS_DATA] ([APPLICANT_NAME], [PUBLICATION_NUMBER_CONVERTED], [KIND_CODE], [PUBLICATION_DATE], [BB_REFERENCE_BASE_DATA_ID]) VALUES (N'Test', N'2019/1234567', N'A1', CAST(N'2016-01-01 00:00:00.0000000' AS DateTime2), 1)

INSERT [dbo].[BB_REFERENCE_BASE_FP_DATA] ([APPLICANT_NAME], [FOREIGN_DOCUMENT_NUMBER_CONVERTED], [FOREIGN_DOCUMENT_NUMBER], [KIND_CODE], [PUBLICATION_DATE], [BB_REFERENCE_BASE_DATA_ID]) VALUES (N'1212', N'WO/2096/14763', N'96/14763', N'A2', CAST(N'2016-01-06 00:00:00.000' AS DateTime), 6)

INSERT [dbo].[BB_MSTR_ASSIGNEE_ATTORNEY_DOCKET] ([ASSIGNEE_ATTORNEY_DOCKET_ID], [ASSIGNEE_ID], [SEGMENT_VALUE_TO_MATCH], [STATUS]) VALUES (1, 1, N'111', N'ACTIVE')


COMMIT